# Connected lobby cloud; authored by tools/build_lobby_cloud.py
o Cumulus
s 1
v 0.000000 1.034497 0.000000
v 0.099994 0.955499 0.000000
v 0.098927 0.953678 0.013024
v 0.096303 0.952992 0.025804
v 0.092161 0.953455 0.038174
v 0.086553 0.955065 0.049971
v 0.079544 0.957805 0.061036
v 0.071214 0.961646 0.071214
v 0.061658 0.966543 0.080354
v 0.050987 0.972438 0.088312
v 0.039328 0.979256 0.094947
v 0.026830 0.986906 0.100132
v 0.013659 0.995282 0.103748
v 0.000000 1.004261 0.105693
v -0.013940 1.013706 0.105883
v -0.027936 1.023465 0.104260
v -0.041749 1.033371 0.100791
v -0.055125 1.043250 0.095479
v -0.067804 1.052918 0.088364
v -0.079524 1.062189 0.079524
v -0.090029 1.070877 0.069082
v -0.099078 1.078803 0.057203
v -0.106453 1.085800 0.044094
v -0.111965 1.091718 0.030001
v -0.115469 1.096429 0.015202
v -0.116864 1.099832 0.000000
v -0.116099 1.101858 -0.015285
v -0.113179 1.102468 -0.030326
v -0.108165 1.101655 -0.044803
v -0.101168 1.099448 -0.058409
v -0.092350 1.095902 -0.070862
v -0.081914 1.091104 -0.081914
v -0.070098 1.085161 -0.091354
v -0.057168 1.078205 -0.099018
v -0.043404 1.070380 -0.104788
v -0.029097 1.061846 -0.108593
v -0.014536 1.052767 -0.110410
v -0.000000 1.043314 -0.110258
v 0.014244 1.033658 -0.108195
v 0.027951 1.023965 -0.104316
v 0.040900 1.014397 -0.098742
v 0.052896 1.005109 -0.091619
v 0.063771 0.996243 -0.083108
v 0.073387 0.987933 -0.073387
v 0.081630 0.980297 -0.062637
v 0.088413 0.973442 -0.051045
v 0.093674 0.967463 -0.038801
v 0.097370 0.962437 -0.026090
v 0.099478 0.958432 -0.013097
v 0.182473 0.869914 0.000000
v 0.179914 0.865668 0.023686
v 0.174813 0.863613 0.046841
v 0.167290 0.864009 0.069294
v 0.157371 0.866724 0.090858
v 0.145050 0.871427 0.111301
v 0.130398 0.878092 0.130398
v 0.113501 0.886676 0.147917
v 0.094460 0.897117 0.163610
v 0.073404 0.909328 0.177213
v 0.050496 0.923197 0.188453
v 0.025942 0.938580 0.197047
v 0.000000 0.955302 0.202710
v -0.027011 0.973147 0.205169
v -0.054708 0.991859 0.204172
v -0.082638 1.011141 0.199507
v -0.110284 1.030651 0.191018
v -0.137066 1.050008 0.178628
v -0.162359 1.068800 0.162359
v -0.185507 1.086593 0.142345
v -0.205857 1.102949 0.118852
v -0.222784 1.117448 0.092280
v -0.235729 1.129704 0.063163
v -0.244234 1.139395 0.032154
v -0.247971 1.146270 0.000000
v -0.246766 1.150171 -0.032487
v -0.240611 1.151031 -0.064472
v -0.229665 1.148872 -0.095130
v -0.214242 1.143803 -0.123693
v -0.194798 1.136003 -0.149474
v -0.171897 1.125713 -0.171897
v -0.146186 1.113216 -0.190513
v -0.118364 1.098833 -0.205012
v -0.089147 1.082903 -0.215220
v -0.059242 1.065778 -0.221094
v -0.029321 1.047814 -0.222714
v -0.000000 1.029360 -0.220262
v 0.028174 1.010750 -0.214005
v 0.054735 0.992305 -0.204274
v 0.079300 0.974335 -0.191448
v 0.101628 0.957608 -0.176026
v 0.121527 0.942302 -0.158377
v 0.138809 0.928279 -0.138809
v 0.153325 0.915435 -0.117650
v 0.164966 0.903726 -0.095243
v 0.173678 0.893183 -0.071940
v 0.179460 0.883911 -0.048086
v 0.182361 0.876080 -0.024008
v 0.253142 0.795501 0.000000
v 0.247597 0.786137 0.032597
v 0.238864 0.779425 0.064003
v 0.227287 0.775917 0.094145
v 0.213111 0.776098 0.123040
v 0.196463 0.780376 0.150752
v 0.177256 0.788733 0.177256
v 0.155055 0.799797 0.202071
v 0.129823 0.813371 0.224860
v 0.101595 0.829399 0.245271
v 0.070444 0.847797 0.262902
v 0.036507 0.868441 0.277297
v 0.000000 0.891165 0.287961
v -0.038754 0.915744 0.294366
v -0.079308 0.941884 0.295980
v -0.121069 0.969214 0.292286
v -0.163290 0.997273 0.282827
v -0.205065 1.025503 0.267245
v -0.245336 1.053257 0.245336
v -0.282926 1.079808 0.217097
v -0.316590 1.104388 0.182784
v -0.345084 1.126228 0.142939
v -0.367256 1.144622 0.098406
v -0.382141 1.158983 0.050310
v -0.389043 1.168887 0.000000
v -0.387595 1.174097 -0.051028
v -0.377785 1.174570 -0.101227
v -0.359948 1.170430 -0.149095
v -0.334734 1.161948 -0.193259
v -0.303050 1.149498 -0.232538
v -0.265996 1.133534 -0.265996
v -0.224796 1.114555 -0.292960
v -0.180727 1.093087 -0.313029
v -0.135061 1.069668 -0.326065
v -0.089005 1.044831 -0.332173
v -0.043664 1.019099 -0.331663
v -0.000000 0.992973 -0.325016
v 0.041213 0.967509 -0.313046
v 0.079611 0.945107 -0.297113
v 0.114980 0.925500 -0.277586
v 0.147050 0.908032 -0.254698
v 0.175492 0.892033 -0.228705
v 0.199950 0.876910 -0.199950
v 0.220099 0.862229 -0.168888
v 0.235702 0.847768 -0.136083
v 0.246663 0.833538 -0.102171
v 0.253052 0.819780 -0.067805
v 0.255096 0.806917 -0.033584
v 0.321347 0.739855 0.000000
v 0.310941 0.724476 0.040936
v 0.296513 0.711234 0.079451
v 0.278845 0.700972 0.115501
v 0.258632 0.694647 0.149321
v 0.236413 0.693351 0.181406
v 0.212483 0.698338 0.212483
v 0.186557 0.710197 0.243125
v 0.157082 0.725553 0.272075
v 0.123740 0.743839 0.298735
v 0.086443 0.765026 0.322608
v 0.045169 0.789047 0.343092
v 0.000000 0.815788 0.359482
v -0.048841 0.845066 0.370985
v -0.100947 0.876614 0.376740
v -0.155684 0.910051 0.375855
v -0.212153 0.944863 0.367460
v -0.269157 0.980371 0.350772
v -0.325193 1.015722 0.325193
v -0.378471 1.049889 0.290411
v -0.426986 1.081725 0.246520
v -0.468649 1.110042 0.194121
v -0.501473 1.133739 0.134369
v -0.523777 1.151926 0.068957
v -0.534365 1.164009 0.000000
v -0.532642 1.169729 -0.070124
v -0.518646 1.169139 -0.138971
v -0.493012 1.162548 -0.204212
v -0.456878 1.150453 -0.263779
v -0.411773 1.133471 -0.315965
v -0.359487 1.112290 -0.359487
v -0.301948 1.087623 -0.393506
v -0.241111 1.060185 -0.417617
v -0.178866 1.030669 -0.431821
v -0.116953 0.999749 -0.436474
v -0.056904 0.968067 -0.432230
v -0.000000 0.937836 -0.420777
v 0.053314 0.913305 -0.404963
v 0.103178 0.893774 -0.385065
v 0.149515 0.877948 -0.360960
v 0.191943 0.864381 -0.332455
v 0.229807 0.851662 -0.299490
v 0.262284 0.838572 -0.262284
v 0.288555 0.824217 -0.221416
v 0.308014 0.808185 -0.177832
v 0.320760 0.791308 -0.132863
v 0.326945 0.773965 -0.087605
v 0.326933 0.756595 -0.043042
v 0.399408 0.707270 0.000000
v 0.382691 0.686874 0.050382
v 0.360470 0.667401 0.096588
v 0.334018 0.649692 0.138355
v 0.304737 0.635008 0.175940
v 0.273896 0.624910 0.210168
v 0.242328 0.621056 0.242328
v 0.210260 0.625141 0.274017
v 0.176793 0.637600 0.306214
v 0.140071 0.656509 0.338160
v 0.098533 0.678831 0.367731
v 0.051885 0.704380 0.394106
v 0.000000 0.733114 0.416406
v -0.057083 0.764926 0.433587
v -0.119093 0.799610 0.444462
v -0.185458 0.836836 0.447735
v -0.255224 0.876099 0.442061
v -0.326987 0.916673 0.426137
v -0.398827 0.957561 0.398827
v -0.468302 0.997480 0.359341
v -0.532519 1.034910 0.307450
v -0.588337 1.068225 0.243697
v -0.632700 1.095908 0.169531
v -0.663018 1.116769 0.087288
v -0.677499 1.130087 0.000000
v -0.675321 1.135636 -0.088908
v -0.656655 1.133616 -0.175950
v -0.622560 1.124546 -0.257873
v -0.574812 1.109161 -0.331868
v -0.515701 1.088317 -0.395711
v -0.447830 1.062926 -0.447830
v -0.373921 1.033895 -0.487303
v -0.296657 1.002090 -0.513825
v -0.218553 0.968324 -0.527633
v -0.141860 0.933356 -0.529430
v -0.068566 0.898686 -0.520810
v -0.000000 0.871504 -0.507426
v 0.064597 0.852460 -0.490667
v 0.125939 0.839826 -0.470011
v 0.184108 0.831473 -0.444476
v 0.238466 0.825140 -0.413035
v 0.287738 0.818646 -0.374987
v 0.330262 0.810131 -0.330262
v 0.364842 0.799204 -0.279953
v 0.390249 0.785136 -0.225310
v 0.405883 0.767961 -0.168122
v 0.412030 0.748561 -0.110403
v 0.409531 0.728034 -0.053916
v 0.496098 0.691227 0.000000
v 0.475089 0.671074 0.062547
v 0.444225 0.648082 0.119030
v 0.405025 0.622460 0.167767
v 0.361042 0.596837 0.208448
v 0.316175 0.574950 0.242610
v 0.272912 0.559964 0.272912
v 0.231898 0.553979 0.302215
v 0.192143 0.557973 0.332801
v 0.151260 0.571055 0.365175
v 0.106978 0.592588 0.399247
v 0.056731 0.617974 0.430914
v 0.000000 0.646799 0.458819
v -0.063419 0.679036 0.481712
v -0.133468 0.714564 0.498109
v -0.209725 0.753128 0.506322
v -0.291286 0.794283 0.504523
v -0.376633 0.837323 0.490838
v -0.463510 0.881197 0.463510
v -0.548842 0.924455 0.421141
v -0.628786 0.965285 0.363030
v -0.699010 1.001684 0.289539
v -0.755210 1.031774 0.202358
v -0.793751 1.054118 0.104499
v -0.812174 1.067911 0.000000
v -0.809438 1.072975 -0.106565
v -0.785896 1.069634 -0.210580
v -0.743109 1.058570 -0.307806
v -0.683594 1.040706 -0.394673
v -0.610518 1.017103 -0.468467
v -0.527396 0.988870 -0.527396
v -0.437808 0.957084 -0.570563
v -0.345180 0.922738 -0.597869
v -0.252625 0.886726 -0.609891
v -0.162848 0.849848 -0.607758
v -0.078592 0.817574 -0.596965
v -0.000000 0.796653 -0.584561
v 0.075075 0.785466 -0.570254
v 0.148027 0.781602 -0.552444
v 0.219092 0.782296 -0.528934
v 0.287258 0.784680 -0.497545
v 0.350444 0.786054 -0.456708
v 0.405980 0.784236 -0.405980
v 0.450652 0.776957 -0.345798
v 0.482624 0.764148 -0.278643
v 0.501873 0.747389 -0.207883
v 0.509664 0.728821 -0.136564
v 0.507507 0.710043 -0.066815
v 0.639046 0.702908 0.000000
v 0.630188 0.699682 0.082966
v 0.599988 0.686028 0.160766
v 0.542722 0.654219 0.224803
v 0.459966 0.601089 0.265561
v 0.378010 0.549527 0.290057
v 0.310327 0.514051 0.310327
v 0.254377 0.494231 0.331511
v 0.205653 0.488047 0.356201
v 0.159462 0.493131 0.384976
v 0.112198 0.508987 0.418729
v 0.059870 0.532744 0.454757
v 0.000000 0.559995 0.487566
v -0.067896 0.590759 0.515724
v -0.144023 0.624996 0.537502
v -0.228176 0.662536 0.550867
v -0.319582 0.703020 0.553532
v -0.416708 0.745809 0.543064
v -0.517062 0.789885 0.517062
v -0.617022 0.833759 0.473458
v -0.711835 0.875476 0.410978
v -0.795947 0.912809 0.329692
v -0.863736 0.943639 0.231437
v -0.910437 0.966365 0.119861
v -0.932867 0.980115 0.000000
v -0.929720 0.984714 -0.122400
v -0.901503 0.980527 -0.241557
v -0.850299 0.968312 -0.352205
v -0.779422 0.949105 -0.450000
v -0.693010 0.924124 -0.531765
v -0.595573 0.894639 -0.595573
v -0.491593 0.861866 -0.640657
v -0.385229 0.826890 -0.667237
v -0.280141 0.790649 -0.676321
v -0.179532 0.754432 -0.670022
v -0.086911 0.728201 -0.660158
v -0.000000 0.714624 -0.651463
v 0.084599 0.711488 -0.642595
v 0.168992 0.716011 -0.630685
v 0.253577 0.725157 -0.612188
v 0.336949 0.735790 -0.583612
v 0.415411 0.743799 -0.541374
v 0.483900 0.745640 -0.483900
v 0.538531 0.740418 -0.413230
v 0.577848 0.729510 -0.333621
v 0.604472 0.717277 -0.250380
v 0.622803 0.708312 -0.166880
v 0.634730 0.704004 -0.083564
v 0.846000 0.729823 0.000000
v 0.857969 0.744246 0.112954
v 0.824058 0.735130 0.220806
v 0.748492 0.703143 0.310035
v 0.640024 0.650192 0.369518
v 0.509116 0.577748 0.390658
v 0.372787 0.492486 0.372787
v 0.281734 0.444541 0.367163
v 0.218392 0.425173 0.378266
v 0.165654 0.422263 0.399924
v 0.115182 0.431313 0.429866
v 0.061520 0.450885 0.467288
v 0.000000 0.475221 0.504009
v -0.070645 0.502932 0.536602
v -0.150898 0.534047 0.563161
v -0.240810 0.568472 0.581367
v -0.339793 0.605932 0.588538
v -0.446380 0.645891 0.581734
v -0.557951 0.687434 0.557951
v -0.670473 0.729163 0.514472
v -0.778427 0.769169 0.449425
v -0.875156 0.805210 0.362501
v -0.953770 0.835104 0.255562
v -1.008351 0.857167 0.132752
v -1.034901 0.870455 0.000000
v -1.031738 0.874728 -0.135831
v -0.999439 0.870302 -0.267799
v -0.940573 0.857924 -0.389598
v -0.859287 0.838680 -0.496110
v -0.760747 0.813875 -0.583742
v -0.650506 0.784881 -0.650506
v -0.533955 0.752990 -0.695864
v -0.415949 0.719325 -0.720444
v -0.300619 0.684824 -0.725758
v -0.192088 0.652527 -0.716884
v -0.093464 0.633082 -0.709928
v -0.000000 0.626282 -0.706919
v 0.092870 0.629698 -0.705421
v 0.187932 0.640572 -0.701373
v 0.285796 0.655987 -0.689972
v 0.383241 0.670625 -0.663793
v 0.474711 0.680538 -0.618656
v 0.555410 0.684760 -0.555410
v 0.620491 0.682261 -0.476120
v 0.670318 0.676234 -0.387008
v 0.712203 0.673901 -0.295004
v 0.753003 0.680366 -0.201767
v 0.799102 0.700043 -0.105204
v 1.083254 0.725417 0.000000
v 1.097268 0.738974 0.144458
v 1.051882 0.728728 0.281851
v 0.954111 0.696243 0.395206
v 0.816721 0.644481 0.471534
v 0.654729 0.576469 0.502392
v 0.481600 0.493225 0.481600
v 0.323507 0.406815 0.421603
v 0.233059 0.369114 0.403671
v 0.170651 0.357459 0.411988
v 0.116582 0.360061 0.435091
v 0.061919 0.373885 0.470324
v 0.000000 0.394330 0.509795
v -0.071847 0.417796 0.545729
v -0.154369 0.444353 0.576114
v -0.247875 0.473967 0.598424
v -0.351989 0.506442 0.609662
v -0.465360 0.541349 0.606469
v -0.585336 0.577925 0.585336
v -0.707638 0.614972 0.542990
v -0.826215 0.650810 0.477016
v -0.933566 0.683404 0.386696
v -1.021709 0.710693 0.273766
v -1.083597 0.731013 0.142658
v -1.114315 0.743350 0.000000
v -1.111658 0.747354 -0.146353
v -1.076159 0.743239 -0.288356
v -1.010827 0.731685 -0.418698
v -0.920636 0.713758 -0.531530
v -0.811783 0.690762 -0.622903
v -0.690842 0.664070 -0.690842
v -0.564059 0.634954 -0.735096
v -0.436912 0.604502 -0.756753
v -0.313916 0.573602 -0.757861
v -0.200577 0.547430 -0.748565
v -0.098189 0.534316 -0.745821
v -0.000000 0.532689 -0.749439
v 0.099533 0.540261 -0.756031
v 0.203807 0.554634 -0.760617
v 0.312830 0.571963 -0.755239
v 0.421385 0.586573 -0.729860
v 0.524371 0.597315 -0.683374
v 0.616271 0.603183 -0.616271
v 0.691640 0.603330 -0.530714
v 0.755693 0.603795 -0.436299
v 0.819972 0.612416 -0.339643
v 0.902582 0.639488 -0.241846
v 1.011514 0.689037 -0.133168
v 1.307613 0.664049 0.000000
v 1.320681 0.674602 0.173871
v 1.261550 0.663376 0.338031
v 1.141029 0.632745 0.472630
v 0.975685 0.585978 0.563312
v 0.783880 0.526207 0.601492
v 0.582736 0.455488 0.582736
v 0.383485 0.371731 0.499768
v 0.252350 0.317707 0.437084
v 0.177086 0.299611 0.427524
v 0.118121 0.296865 0.440833
v 0.061708 0.303931 0.468721
v 0.000000 0.318639 0.506862
v -0.071710 0.336983 0.544688
v -0.154798 0.357993 0.577715
v -0.249805 0.381578 0.603082
v -0.356557 0.407607 0.617574
v -0.473843 0.435757 0.617525
v -0.599052 0.465441 0.599052
v -0.727821 0.495727 0.558477
v -0.853862 0.525299 0.492977
v -0.973117 0.554347 0.403078
v -1.077147 0.581027 0.288621
v -1.150446 0.600536 0.151459
v -1.182924 0.610264 0.000000
v -1.174028 0.610796 -0.154564
v -1.129922 0.604594 -0.302762
v -1.058366 0.594149 -0.438389
v -0.961334 0.578830 -0.555027
v -0.844602 0.559222 -0.648086
v -0.715647 0.536568 -0.715647
v -0.581455 0.512009 -0.757767
v -0.448020 0.486514 -0.775993
v -0.320156 0.460877 -0.772924
v -0.205089 0.441810 -0.765404
v -0.101034 0.433894 -0.767432
v -0.000000 0.435439 -0.777635
v 0.104266 0.444573 -0.791977
v 0.215632 0.459381 -0.804749
v 0.332456 0.474741 -0.802619
v 0.449675 0.487942 -0.778861
v 0.562001 0.498225 -0.732415
v 0.663317 0.504644 -0.663317
v 0.748865 0.507169 -0.574624
v 0.829543 0.513187 -0.478937
v 0.926377 0.532524 -0.383718
v 1.077348 0.581116 -0.288675
v 1.222335 0.631814 -0.160924
v 1.494086 0.547300 0.000000
v 1.503694 0.554061 0.197965
v 1.431145 0.543571 0.383474
v 1.290506 0.518184 0.534545
v 1.101565 0.480805 0.635989
v 0.885407 0.434118 0.679397
v 0.661356 0.380010 0.661356
v 0.442703 0.317715 0.576942
v 0.275114 0.264727 0.476511
v 0.185226 0.244906 0.447176
v 0.120816 0.239750 0.450893
v 0.062116 0.242472 0.471817
v 0.000000 0.251070 0.504608
v -0.070865 0.262540 0.538276
v -0.152710 0.276643 0.569922
v -0.247152 0.293351 0.596677
v -0.354123 0.312035 0.613360
v -0.472431 0.332335 0.615684
v -0.599550 0.353842 0.599550
v -0.732274 0.376331 0.561894
v -0.873996 0.402136 0.504602
v -1.030331 0.433876 0.426777
v -1.184858 0.467237 0.317482
v -1.292525 0.490296 0.170164
v -1.321863 0.495740 0.000000
v -1.279491 0.486360 -0.168448
v -1.194467 0.470215 -0.320056
v -1.091037 0.453547 -0.451922
v -0.979935 0.438758 -0.565765
v -0.858232 0.423863 -0.658544
v -0.724450 0.406723 -0.724450
v -0.586066 0.388219 -0.763776
v -0.449462 0.369120 -0.778490
v -0.319952 0.350304 -0.772432
v -0.205750 0.337995 -0.767870
v -0.101970 0.333884 -0.774543
v -0.000000 0.336664 -0.790513
v 0.106839 0.345050 -0.811520
v 0.222397 0.357250 -0.829996
v 0.344015 0.369130 -0.830527
v 0.466987 0.379614 -0.808845
v 0.585858 0.388117 -0.763505
v 0.694065 0.393859 -0.694065
v 0.789129 0.397786 -0.605520
v 0.887800 0.406908 -0.512572
v 1.027896 0.433086 -0.425768
v 1.234572 0.482645 -0.330803
v 1.399967 0.522739 -0.184309
v 1.621228 0.385866 0.000000
v 1.627454 0.389440 0.214258
v 1.544929 0.382022 0.413962
v 1.389531 0.365199 0.575562
v 1.183628 0.340992 0.683368
v 0.950752 0.311310 0.729538
v 0.711714 0.277476 0.711714
v 0.480816 0.239268 0.626612
v 0.298085 0.205121 0.516299
v 0.195107 0.189898 0.471029
v 0.124871 0.185072 0.466026
v 0.063313 0.185529 0.480909
v 0.000000 0.189656 0.508466
v -0.070705 0.195516 0.537061
v -0.151033 0.202895 0.563661
v -0.242741 0.211847 0.586029
v -0.346810 0.222304 0.600692
v -0.463088 0.234133 0.603508
v -0.590980 0.247369 0.590980
v -0.733134 0.262943 0.562554
v -0.908851 0.285047 0.524726
v -1.190456 0.327204 0.493103
v -1.452540 0.365157 0.389207
v -1.591831 0.383105 0.209569
v -1.623877 0.386333 0.000000
v -1.546088 0.374969 -0.203546
v -1.353665 0.347108 -0.362713
v -1.143543 0.318251 -0.473671
v -0.987997 0.301161 -0.570421
v -0.852626 0.289501 -0.654243
v -0.717301 0.278869 -0.717301
v -0.578199 0.267475 -0.753524
v -0.441700 0.255767 -0.765048
v -0.313911 0.244639 -0.757847
v -0.202732 0.238116 -0.756607
v -0.101016 0.236461 -0.767290
v -0.000000 0.239022 -0.788432
v 0.107204 0.244821 -0.814296
v 0.223871 0.252518 -0.835498
v 0.347242 0.259997 -0.838316
v 0.472750 0.266717 -0.818827
v 0.594911 0.272315 -0.775303
v 0.707076 0.276319 -0.707076
v 0.811079 0.280267 -0.622363
v 0.925747 0.288487 -0.534480
v 1.112794 0.312382 -0.460934
v 1.345103 0.345545 -0.360419
v 1.522845 0.370836 -0.200486
v 1.683633 0.198060 0.000000
v 1.682412 0.198835 0.221494
v 1.591787 0.195981 0.426518
v 1.429218 0.190101 0.592002
v 1.215247 0.181730 0.701623
v 0.975172 0.171591 0.748276
v 0.730542 0.160174 0.730542
v 0.498982 0.147740 0.650286
v 0.318606 0.137113 0.551841
v 0.207043 0.131511 0.499847
v 0.130727 0.129418 0.487880
v 0.065504 0.129229 0.497552
v 0.000000 0.130287 0.520007
v -0.071503 0.131906 0.543122
v -0.151225 0.134031 0.564378
v -0.241019 0.136682 0.581871
v -0.342199 0.139862 0.592706
v -0.455184 0.143550 0.593207
v -0.583172 0.148035 0.583172
v -0.736653 0.154081 0.565254
v -0.986326 0.166334 0.569456
v -1.386034 0.187379 0.574114
v -1.642850 0.199061 0.440200
v -1.793094 0.205337 0.236065
v -1.834017 0.206819 0.000000
v -1.759300 0.203352 -0.231616
v -1.569010 0.194608 -0.420415
v -1.258392 0.179332 -0.521243
v -0.997749 0.167102 -0.576051
v -0.836492 0.161410 -0.641863
v -0.695437 0.157282 -0.695437
v -0.558588 0.153443 -0.727966
v -0.425488 0.149564 -0.736967
v -0.302707 0.146071 -0.730799
v -0.196739 0.144273 -0.734239
v -0.098711 0.144047 -0.749786
v -0.000000 0.145073 -0.773882
v 0.105386 0.147025 -0.800487
v 0.220159 0.149543 -0.821644
v 0.342220 0.152085 -0.826192
v 0.466931 0.154391 -0.808747
v 0.588869 0.156340 -0.767429
v 0.703620 0.157956 -0.703620
v 0.815344 0.159858 -0.625635
v 0.944492 0.163521 -0.545302
v 1.160458 0.173158 -0.480677
v 1.400458 0.184445 -0.375252
v 1.584718 0.193096 -0.208632
v 1.750103 -0.001932 0.000000
v 1.702410 -0.000010 0.224127
v 1.577679 0.004869 0.422738
v 1.405677 0.011383 0.582250
v 1.193822 0.019711 0.689253
v 0.957626 0.029697 0.734812
v 0.718576 0.040812 0.718576
v 0.503692 0.051809 0.656424
v 0.337284 0.060711 0.584192
v 0.221663 0.066263 0.535142
v 0.138999 0.068720 0.518753
v 0.068978 0.069221 0.523936
v 0.000000 0.068515 0.540572
v -0.073398 0.067248 0.557511
v -0.153565 0.065442 0.573113
v -0.242576 0.063081 0.585630
v -0.342155 0.060144 0.592629
v -0.453495 0.056612 0.591006
v -0.580550 0.052181 0.580550
v -0.745120 0.045298 0.571751
v -1.073355 0.027813 0.619702
v -1.445929 0.008846 0.598923
v -1.707466 -0.002957 0.457514
v -1.869461 -0.009823 0.246119
v -1.920085 -0.011832 0.000000
v -1.843892 -0.008321 -0.242753
v -1.651807 0.000399 -0.442600
v -1.354368 0.014618 -0.560998
v -1.006630 0.032300 -0.581178
v -0.815011 0.040167 -0.625380
v -0.667867 0.044989 -0.667867
v -0.533095 0.048996 -0.694743
v -0.406075 0.052698 -0.703343
v -0.290546 0.055780 -0.701441
v -0.189901 0.057266 -0.708719
v -0.095518 0.057378 -0.725531
v -0.000000 0.056400 -0.748589
v 0.101717 0.054612 -0.772616
v 0.211868 0.052322 -0.790701
v 0.329359 0.049873 -0.795142
v 0.450018 0.047579 -0.779453
v 0.569475 0.045515 -0.742154
v 0.686169 0.043481 -0.686169
v 0.804797 0.040916 -0.617543
v 0.950233 0.036093 -0.548617
v 1.185878 0.025240 -0.491207
v 1.433075 0.013589 -0.383991
v 1.641824 0.003549 -0.216150
v 1.721346 -0.203520 0.000000
v 1.652164 -0.193835 0.217512
v 1.507230 -0.175140 0.403861
v 1.330430 -0.153919 0.551082
v 1.125866 -0.129232 0.650019
v 0.905004 -0.101142 0.694434
v 0.688150 -0.071600 0.688150
v 0.498682 -0.044443 0.649895
v 0.350073 -0.023454 0.606343
v 0.237916 -0.009623 0.574381
v 0.149549 -0.001884 0.558125
v 0.073676 0.000472 0.559624
v 0.000000 -0.000243 0.568508
v -0.076166 -0.002892 0.578535
v -0.157585 -0.007359 0.588116
v -0.246664 -0.013654 0.595500
v -0.345584 -0.021872 0.598570
v -0.456428 -0.032204 0.594829
v -0.582652 -0.045292 0.582652
v -0.749116 -0.066495 0.574817
v -1.046496 -0.113072 0.604195
v -1.385963 -0.164518 0.574085
v -1.646347 -0.200536 0.441137
v -1.814825 -0.222764 0.238926
v -1.871787 -0.230046 0.000000
v -1.796673 -0.219536 -0.236536
v -1.608975 -0.193714 -0.431124
v -1.328013 -0.153458 -0.550081
v -0.992455 -0.102069 -0.572994
v -0.787742 -0.075080 -0.604455
v -0.639678 -0.059513 -0.639678
v -0.509701 -0.047634 -0.664255
v -0.388872 -0.037137 -0.673545
v -0.279223 -0.028656 -0.674103
v -0.182680 -0.024456 -0.681772
v -0.091716 -0.023899 -0.696655
v -0.000000 -0.026238 -0.715930
v 0.096799 -0.030765 -0.735261
v 0.200705 -0.036736 -0.749043
v 0.311195 -0.043388 -0.751291
v 0.425793 -0.050157 -0.737495
v 0.541647 -0.056887 -0.705889
v 0.658443 -0.064192 -0.658443
v 0.783429 -0.074121 -0.601146
v 0.946275 -0.092666 -0.546332
v 1.184274 -0.126025 -0.490542
v 1.427082 -0.160510 -0.382386
v 1.632579 -0.190352 -0.214933
v 1.487852 -0.345434 0.000000
v 1.458278 -0.340347 0.191986
v 1.358854 -0.321165 0.364104
v 1.208566 -0.291632 0.500604
v 1.026964 -0.255016 0.592918
v 0.832662 -0.214214 0.638924
v 0.645841 -0.173441 0.645841
v 0.483935 -0.137993 0.630677
v 0.352855 -0.111276 0.611163
v 0.247274 -0.093447 0.596972
v 0.158354 -0.083171 0.590986
v 0.077853 -0.078567 0.591353
v 0.000000 -0.077628 0.593319
v -0.078585 -0.080245 0.596911
v -0.160895 -0.086110 0.600467
v -0.249449 -0.095149 0.602224
v -0.346491 -0.107465 0.600140
v -0.454109 -0.123324 0.591806
v -0.574450 -0.143215 0.574450
v -0.721904 -0.172418 0.553936
v -0.945335 -0.226797 0.545789
v -1.227295 -0.297701 0.508362
v -1.465465 -0.354208 0.392670
v -1.619554 -0.389047 0.213218
v -1.671808 -0.400506 0.000000
v -1.613695 -0.387277 -0.212447
v -1.451479 -0.349873 -0.388923
v -1.200184 -0.288916 -0.497133
v -0.925192 -0.219834 -0.534160
v -0.745045 -0.181151 -0.571693
v -0.607524 -0.157218 -0.607524
v -0.484877 -0.138456 -0.631905
v -0.371407 -0.122384 -0.643296
v -0.267621 -0.109365 -0.646094
v -0.174908 -0.102319 -0.652765
v -0.087478 -0.100642 -0.664458
v -0.000000 -0.103267 -0.678959
v 0.091233 -0.109255 -0.692981
v 0.188205 -0.117699 -0.702389
v 0.291198 -0.127810 -0.703014
v 0.398610 -0.138672 -0.690413
v 0.508539 -0.150092 -0.662740
v 0.622240 -0.163449 -0.622240
v 0.747205 -0.181966 -0.573350
v 0.906583 -0.213401 -0.523416
v 1.108017 -0.259049 -0.458955
v 1.296261 -0.301765 -0.347332
v 1.432634 -0.332604 -0.188610
v 1.221189 -0.426769 0.000000
v 1.204414 -0.424016 0.158564
v 1.141776 -0.409888 0.305938
v 1.037918 -0.384602 0.429920
v 0.900678 -0.348618 0.520007
v 0.743845 -0.304439 0.570772
v 0.590953 -0.260500 0.590953
v 0.456402 -0.223398 0.594794
v 0.342637 -0.195598 0.593464
v 0.245629 -0.176871 0.593001
v 0.159630 -0.166046 0.595748
v 0.078755 -0.160268 0.598206
v 0.000000 -0.158331 0.598879
v -0.078748 -0.160242 0.598147
v -0.159806 -0.166340 0.596406
v -0.245289 -0.176488 0.592181
v -0.336862 -0.190616 0.583462
v -0.435675 -0.208712 0.567783
v -0.542204 -0.230762 0.542204
v -0.659305 -0.258474 0.505902
v -0.808044 -0.302478 0.466524
v -0.985802 -0.360269 0.408333
v -1.138540 -0.408443 0.305071
v -1.237798 -0.438541 0.162959
v -1.277293 -0.450971 0.000000
v -1.251256 -0.444397 -0.164731
v -1.151900 -0.414409 -0.308651
v -0.984393 -0.359611 -0.407749
v -0.811149 -0.304024 -0.468317
v -0.677332 -0.268275 -0.519735
v -0.561234 -0.242371 -0.561234
v -0.451696 -0.220064 -0.588662
v -0.348815 -0.200928 -0.604165
v -0.253033 -0.185217 -0.610877
v -0.165461 -0.175764 -0.617510
v -0.082521 -0.172711 -0.626806
v -0.000000 -0.174896 -0.637279
v 0.085139 -0.181363 -0.646692
v 0.174776 -0.191288 -0.652273
v 0.269464 -0.203738 -0.650544
v 0.368065 -0.217536 -0.637508
v 0.469429 -0.232629 -0.611772
v 0.573903 -0.250099 -0.573903
v 0.686218 -0.273107 -0.526554
v 0.817528 -0.307202 -0.472000
v 0.970214 -0.352992 -0.401876
v 1.101688 -0.391986 -0.295196
v 1.187802 -0.416789 -0.156377
v 0.961012 -0.454841 0.000000
v 0.950493 -0.453503 0.125135
v 0.910787 -0.444393 0.244045
v 0.843219 -0.426944 0.349273
v 0.750693 -0.400462 0.433413
v 0.640677 -0.366242 0.491609
v 0.525146 -0.328780 0.525146
v 0.416556 -0.295062 0.542866
v 0.320082 -0.269599 0.554399
v 0.233541 -0.252341 0.563819
v 0.153284 -0.241932 0.572063
v 0.075902 -0.235735 0.576535
v 0.000000 -0.233476 0.577597
v -0.075754 -0.235079 0.575409
v -0.152667 -0.240556 0.569761
v -0.232088 -0.250149 0.560310
v -0.314927 -0.263647 0.545470
v -0.401416 -0.280704 0.523136
v -0.490930 -0.300843 0.490930
v -0.580893 -0.322736 0.445735
v -0.671397 -0.347598 0.387631
v -0.760460 -0.375226 0.314993
v -0.836714 -0.400118 0.224197
v -0.886967 -0.416509 0.116771
v -0.905845 -0.422990 0.000000
v -0.890717 -0.418693 -0.117265
v -0.840925 -0.402635 -0.225325
v -0.766989 -0.379306 -0.317697
v -0.681714 -0.354476 -0.393588
v -0.592861 -0.331445 -0.454918
v -0.501063 -0.309116 -0.501063
v -0.408684 -0.287597 -0.532607
v -0.319083 -0.268445 -0.552667
v -0.233667 -0.252530 -0.564121
v -0.153293 -0.241953 -0.572099
v -0.076409 -0.237977 -0.580385
v -0.000000 -0.239571 -0.588154
v 0.078204 -0.245916 -0.594019
v 0.159734 -0.256320 -0.596136
v 0.244843 -0.269393 -0.591104
v 0.332806 -0.284291 -0.576437
v 0.422584 -0.300780 -0.550723
v 0.513260 -0.319075 -0.513260
v 0.605900 -0.340934 -0.464923
v 0.702911 -0.368607 -0.405826
v 0.803232 -0.401955 -0.332710
v 0.886491 -0.429871 -0.237534
v 0.940216 -0.447518 -0.123782
v 0.748088 -0.456931 0.000000
v 0.741708 -0.456946 0.097648
v 0.715474 -0.451441 0.191711
v 0.670263 -0.440105 0.277632
v 0.607959 -0.422627 0.351005
v 0.532701 -0.399879 0.408756
v 0.450728 -0.374545 0.450728
v 0.368227 -0.350316 0.479883
v 0.288977 -0.330270 0.500522
v 0.213889 -0.316099 0.516373
v 0.141359 -0.306608 0.527560
v 0.070248 -0.300671 0.533590
v 0.000000 -0.298286 0.534990
v -0.070027 -0.299406 0.531906
v -0.140435 -0.303949 0.524109
v -0.211738 -0.311916 0.511182
v -0.284135 -0.323061 0.492135
v -0.356808 -0.336351 0.465001
v -0.428052 -0.350671 0.428052
v -0.495342 -0.364822 0.380089
v -0.555700 -0.377703 0.320833
v -0.607124 -0.389227 0.251479
v -0.647397 -0.398971 0.173469
v -0.673289 -0.405571 0.088640
v -0.682794 -0.408322 0.000000
v -0.675179 -0.406990 -0.088889
v -0.650907 -0.401676 -0.174410
v -0.611754 -0.392959 -0.253397
v -0.560471 -0.381805 -0.323588
v -0.498863 -0.368127 -0.382791
v -0.429988 -0.352709 -0.429988
v -0.357166 -0.336789 -0.465468
v -0.283156 -0.321604 -0.490441
v -0.209856 -0.308254 -0.506638
v -0.138505 -0.298400 -0.516910
v -0.069120 -0.294236 -0.525020
v -0.000000 -0.295312 -0.530996
v 0.070309 -0.301018 -0.534052
v 0.142733 -0.310561 -0.532688
v 0.217144 -0.322433 -0.524233
v 0.292741 -0.335876 -0.507043
v 0.368265 -0.350363 -0.479933
v 0.442163 -0.365528 -0.442163
v 0.513343 -0.381715 -0.393902
v 0.581746 -0.400093 -0.335871
v 0.645985 -0.420542 -0.267576
v 0.699095 -0.438816 -0.187322
v 0.733882 -0.451069 -0.096617
v 0.583715 -0.450706 0.000000
v 0.579429 -0.451380 0.076283
v 0.561298 -0.448239 0.150399
v 0.530010 -0.441238 0.219537
v 0.486974 -0.430511 0.281155
v 0.434555 -0.416770 0.333446
v 0.375865 -0.401495 0.375865
v 0.314004 -0.386639 0.409217
v 0.251235 -0.374056 0.435152
v 0.188435 -0.364560 0.454922
v 0.125435 -0.357238 0.468131
v 0.062582 -0.352344 0.475355
v 0.000000 -0.350050 0.477025
v -0.062307 -0.350358 0.473268
v -0.124302 -0.353108 0.463901
v -0.185791 -0.358041 0.448539
v -0.246400 -0.364932 0.426777
v -0.305234 -0.373048 0.397788
v -0.360922 -0.381558 0.360922
v -0.411785 -0.389692 0.315973
v -0.456070 -0.396845 0.263312
v -0.492205 -0.402633 0.203878
v -0.518952 -0.406878 0.139053
v -0.535445 -0.409525 0.070493
v -0.541143 -0.410542 0.000000
v -0.535784 -0.409848 -0.070537
v -0.519385 -0.407301 -0.139169
v -0.492332 -0.402762 -0.203931
v -0.455482 -0.396203 -0.262972
v -0.410208 -0.387817 -0.314764
v -0.358304 -0.378064 -0.358304
v -0.301745 -0.367641 -0.393242
v -0.242400 -0.357385 -0.419849
v -0.181782 -0.348158 -0.438861
v -0.120960 -0.340924 -0.451427
v -0.060538 -0.337576 -0.459835
v -0.000000 -0.338279 -0.464549
v 0.061245 -0.342683 -0.465202
v 0.123470 -0.350076 -0.460797
v 0.186295 -0.359283 -0.449755
v 0.248922 -0.369692 -0.431146
v 0.310216 -0.380769 -0.404281
v 0.368789 -0.392053 -0.368789
v 0.423124 -0.403176 -0.324674
v 0.472443 -0.414681 -0.272765
v 0.515742 -0.426668 -0.213627
v 0.550813 -0.437998 -0.147590
v 0.574002 -0.446216 -0.075569
v 0.456334 -0.443838 0.000000
v 0.453080 -0.444619 0.059649
v 0.440119 -0.443017 0.117930
v 0.417911 -0.439082 0.173104
v 0.387359 -0.433052 0.223642
v 0.349789 -0.425444 0.268403
v 0.306800 -0.417078 0.306800
v 0.259992 -0.408978 0.338828
v 0.210588 -0.401939 0.364750
v 0.159184 -0.395731 0.384304
v 0.106560 -0.390663 0.397687
v 0.053341 -0.387023 0.405165
v 0.000000 -0.384963 0.406932
v -0.053064 -0.384499 0.403065
v -0.105442 -0.385515 0.393513
v -0.156645 -0.387825 0.378175
v -0.206137 -0.391330 0.357041
v -0.253141 -0.395567 0.329900
v -0.296682 -0.400027 0.296682
v -0.335692 -0.404267 0.257585
v -0.369119 -0.407952 0.213111
v -0.396039 -0.410869 0.164045
v -0.415717 -0.412909 0.111391
v -0.427628 -0.414024 0.056298
v -0.431451 -0.414184 0.000000
v -0.427060 -0.413343 -0.056224
v -0.414524 -0.411437 -0.111071
v -0.394133 -0.408410 -0.163255
v -0.366432 -0.404253 -0.211559
v -0.332228 -0.399064 -0.254928
v -0.292559 -0.393078 -0.292559
v -0.248599 -0.386675 -0.323981
v -0.201531 -0.380350 -0.349061
v -0.152417 -0.374656 -0.367966
v -0.102104 -0.370148 -0.381059
v -0.051234 -0.367785 -0.389161
v -0.000000 -0.368249 -0.392908
v 0.051627 -0.371372 -0.392144
v 0.103513 -0.376633 -0.386315
v 0.155164 -0.383213 -0.374600
v 0.205860 -0.390668 -0.356560
v 0.254682 -0.398583 -0.331908
v 0.300573 -0.406583 -0.300573
v 0.342405 -0.414352 -0.262737
v 0.379072 -0.421648 -0.218857
v 0.409933 -0.428790 -0.169800
v 0.434074 -0.435558 -0.116310
v 0.449858 -0.440746 -0.059225
v 0.354525 -0.439030 0.000000
v 0.351940 -0.439716 0.046334
v 0.342474 -0.439074 0.091766
v 0.326404 -0.437163 0.135201
v 0.304258 -0.434167 0.175664
v 0.276768 -0.430414 0.212372
v 0.244785 -0.426339 0.244785
v 0.209044 -0.422102 0.272431
v 0.170313 -0.417896 0.294990
v 0.129371 -0.414001 0.312330
v 0.086929 -0.410661 0.324423
v 0.043616 -0.408056 0.331295
v 0.000000 -0.406293 0.332994
v -0.043387 -0.405393 0.329558
v -0.086016 -0.405297 0.321015
v -0.127339 -0.405924 0.307422
v -0.166818 -0.407270 0.288938
v -0.203828 -0.409075 0.265634
v -0.237680 -0.411061 0.237680
v -0.267672 -0.412981 0.205392
v -0.293138 -0.414644 0.169243
v -0.313493 -0.415915 0.129853
v -0.328266 -0.416710 0.087959
v -0.337114 -0.416980 0.044382
v -0.339834 -0.416692 0.000000
v -0.336357 -0.415819 -0.044282
v -0.326758 -0.414336 -0.087554
v -0.311257 -0.412235 -0.128927
v -0.290228 -0.409535 -0.167563
v -0.264192 -0.406313 -0.202722
v -0.233797 -0.402712 -0.233797
v -0.199775 -0.398952 -0.260352
v -0.162887 -0.395316 -0.282129
v -0.123866 -0.392126 -0.299038
v -0.083364 -0.389718 -0.311118
v -0.041929 -0.388409 -0.318483
v -0.000000 -0.388723 -0.321438
v 0.042135 -0.390808 -0.320048
v 0.084151 -0.394342 -0.314055
v 0.125545 -0.398797 -0.303091
v 0.165705 -0.403883 -0.287009
v 0.203927 -0.409323 -0.265763
v 0.239447 -0.414860 -0.239447
v 0.271476 -0.420272 -0.208311
v 0.299252 -0.425377 -0.172773
v 0.322072 -0.430034 -0.133407
v 0.339246 -0.433993 -0.090901
v 0.350213 -0.437068 -0.046106
v 0.269433 -0.436484 0.000000
v 0.267436 -0.437103 0.035209
v 0.260512 -0.437021 0.069804
v 0.248828 -0.436280 0.103068
v 0.232669 -0.434952 0.134332
v 0.212423 -0.433141 0.162998
v 0.188560 -0.430970 0.188560
v 0.161606 -0.428587 0.210608
v 0.132119 -0.426142 0.228837
v 0.100667 -0.423787 0.243032
v 0.067806 -0.421652 0.253056
v 0.034077 -0.419839 0.258840
v 0.000000 -0.418414 0.260357
v -0.033917 -0.417399 0.257625
v -0.067172 -0.416775 0.250691
v -0.099273 -0.416533 0.239666
v -0.129749 -0.416701 0.224731
v -0.158110 -0.417153 0.206053
v -0.183864 -0.417747 0.183864
v -0.206532 -0.418356 0.158478
v -0.225675 -0.418871 0.130293
v -0.240908 -0.419209 0.099787
v -0.251920 -0.419309 0.067502
v -0.258487 -0.419131 0.034030
v -0.260475 -0.418648 0.000000
v -0.257847 -0.417845 -0.033946
v -0.250663 -0.416718 -0.067165
v -0.239083 -0.415276 -0.099031
v -0.223361 -0.413552 -0.128958
v -0.203843 -0.411605 -0.156414
v -0.180946 -0.409531 -0.180946
v -0.155145 -0.407456 -0.202189
v -0.126945 -0.405538 -0.219876
v -0.096855 -0.403954 -0.233829
v -0.065367 -0.402883 -0.243952
v -0.032940 -0.402493 -0.250203
v -0.000000 -0.402921 -0.252576
v 0.033056 -0.404268 -0.251086
v 0.065840 -0.406528 -0.245720
v 0.097903 -0.409405 -0.236359
v 0.128752 -0.412732 -0.223005
v 0.157861 -0.416338 -0.205728
v 0.184687 -0.420065 -0.184687
v 0.208689 -0.423768 -0.160132
v 0.229347 -0.427314 -0.132413
v 0.246140 -0.430486 -0.101955
v 0.258626 -0.433133 -0.069299
v 0.266465 -0.435153 -0.035081
v 0.194425 -0.434179 0.000000
v 0.192973 -0.434763 0.025405
v 0.188070 -0.434945 0.050393
v 0.179815 -0.434743 0.074482
v 0.168381 -0.434192 0.097215
v 0.154007 -0.433343 0.118173
v 0.136985 -0.432259 0.136985
v 0.117656 -0.431010 0.153333
v 0.096392 -0.429672 0.166957
v 0.073587 -0.428317 0.177654
v 0.049646 -0.427012 0.185281
v 0.024980 -0.425808 0.189741
v 0.000000 -0.424743 0.190991
v -0.024886 -0.423837 0.189030
v -0.049276 -0.423090 0.183902
v -0.072780 -0.422522 0.175706
v -0.095026 -0.422162 0.164589
v -0.115651 -0.421959 0.150719
v -0.134306 -0.421850 0.134306
v -0.150667 -0.421778 0.115611
v -0.164440 -0.421687 0.094939
v -0.175373 -0.421534 0.072642
v -0.183266 -0.421283 0.049106
v -0.187973 -0.420907 0.024747
v -0.189407 -0.420393 0.000000
v -0.187549 -0.419733 -0.024691
v -0.182440 -0.418931 -0.048885
v -0.174186 -0.418002 -0.072150
v -0.162954 -0.416975 -0.094082
v -0.148967 -0.415890 -0.114306
v -0.132493 -0.414805 -0.132493
v -0.113841 -0.413790 -0.148360
v -0.093345 -0.412925 -0.161678
v -0.071356 -0.412297 -0.172267
v -0.048231 -0.411991 -0.180000
v -0.024328 -0.412082 -0.184788
v -0.000000 -0.412628 -0.186581
v 0.024403 -0.413663 -0.185359
v 0.048529 -0.415154 -0.181112
v 0.072006 -0.416970 -0.173839
v 0.094458 -0.419042 -0.163606
v 0.115503 -0.421289 -0.150526
v 0.134761 -0.423618 -0.134761
v 0.151866 -0.425929 -0.116531
v 0.166469 -0.428125 -0.096111
v 0.178259 -0.430115 -0.073837
v 0.186973 -0.431825 -0.050099
v 0.192406 -0.433192 -0.025331
v 0.126016 -0.431704 0.000000
v 0.125042 -0.432146 0.016462
v 0.121878 -0.432386 0.032657
v 0.116582 -0.432427 0.048290
v 0.109252 -0.432283 0.063077
v 0.100026 -0.431972 0.076752
v 0.089076 -0.431520 0.089076
v 0.076606 -0.430956 0.099835
v 0.062843 -0.430309 0.108847
v 0.048035 -0.429612 0.115966
v 0.032443 -0.428891 0.121078
v 0.016339 -0.428172 0.124108
v 0.000000 -0.427473 0.125013
v -0.016297 -0.426808 0.123788
v -0.032277 -0.426184 0.120459
v -0.047673 -0.425621 0.115092
v -0.062230 -0.425139 0.107786
v -0.075707 -0.424723 0.098663
v -0.087875 -0.424355 0.087875
v -0.098530 -0.424015 0.075604
v -0.107487 -0.423684 0.062058
v -0.114593 -0.423345 0.047466
v -0.119726 -0.422983 0.032080
v -0.122796 -0.422589 0.016166
v -0.123754 -0.422158 0.000000
v -0.122585 -0.421690 -0.016139
v -0.119315 -0.421190 -0.031970
v -0.114008 -0.420670 -0.047224
v -0.106761 -0.420146 -0.061638
v -0.097707 -0.419643 -0.074974
v -0.087009 -0.419186 -0.087009
v -0.074853 -0.418809 -0.097551
v -0.061449 -0.418544 -0.106432
v -0.047020 -0.418425 -0.113516
v -0.031804 -0.418484 -0.118696
v -0.016048 -0.418744 -0.121893
v -0.000000 -0.419225 -0.123059
v 0.016084 -0.419931 -0.122172
v 0.031949 -0.420846 -0.119237
v 0.047336 -0.421909 -0.114279
v 0.061987 -0.423086 -0.107364
v 0.075651 -0.424338 -0.098590
v 0.088088 -0.425625 -0.088088
v 0.099072 -0.426901 -0.076021
v 0.108398 -0.428121 -0.062584
v 0.115885 -0.429245 -0.048001
v 0.121386 -0.430235 -0.032525
v 0.124787 -0.431062 -0.016429
v 0.061848 -0.429142 0.000000
v 0.061346 -0.429382 0.008076
v 0.059786 -0.429547 0.016020
v 0.057193 -0.429637 0.023690
v 0.053614 -0.429653 0.030954
v 0.049110 -0.429600 0.037683
v 0.043761 -0.429483 0.043761
v 0.037662 -0.429308 0.049083
v 0.030921 -0.429084 0.053556
v 0.023654 -0.428818 0.057105
v 0.015989 -0.428520 0.059670
v 0.008058 -0.428198 0.061209
v 0.000000 -0.427857 0.061698
v -0.008048 -0.427506 0.061129
v -0.015947 -0.427148 0.059515
v -0.023563 -0.426795 0.056887
v -0.030767 -0.426455 0.053290
v -0.037436 -0.426127 0.048788
v -0.043458 -0.425813 0.043458
v -0.048730 -0.425510 0.037392
v -0.053165 -0.425218 0.030695
v -0.056686 -0.424935 0.023480
v -0.059234 -0.424660 0.015872
v -0.060768 -0.424394 0.008000
v -0.061263 -0.424137 0.000000
v -0.060710 -0.423893 -0.007993
v -0.059122 -0.423665 -0.015842
v -0.056526 -0.423457 -0.023414
v -0.052968 -0.423277 -0.030581
v -0.048510 -0.423131 -0.037223
v -0.043228 -0.423027 -0.043228
v -0.037212 -0.422974 -0.048495
v -0.030564 -0.422978 -0.052938
v -0.023396 -0.423048 -0.056482
v -0.015827 -0.423187 -0.059068
v -0.007985 -0.423401 -0.060653
v -0.000000 -0.423688 -0.061210
v 0.007995 -0.424048 -0.060728
v 0.015866 -0.424472 -0.059213
v 0.023480 -0.424943 -0.056687
v 0.030708 -0.425448 -0.053188
v 0.037425 -0.425976 -0.048774
v 0.043516 -0.426512 -0.043516
v 0.048872 -0.427042 -0.037501
v 0.053401 -0.427551 -0.030831
v 0.057020 -0.428028 -0.023618
v 0.059663 -0.428458 -0.015987
v 0.061283 -0.428833 -0.008068
v 0.000000 -0.426523 0.000000
vn 0.551237 0.820745 0.150052
vn 0.671267 0.726586 0.146540
vn 0.669243 0.724228 0.166155
vn 0.665315 0.723172 0.185414
vn 0.659549 0.723431 0.204065
vn 0.652029 0.725006 0.221865
vn 0.642859 0.727883 0.238576
vn 0.632160 0.732034 0.253970
vn 0.620070 0.737416 0.267826
vn 0.606747 0.743973 0.279934
vn 0.592364 0.751632 0.290095
vn 0.577113 0.760305 0.298123
vn 0.561204 0.769887 0.303849
vn 0.544861 0.780258 0.307122
vn 0.528327 0.791277 0.307818
vn 0.511854 0.802787 0.305840
vn 0.495711 0.814612 0.301129
vn 0.480171 0.826557 0.293665
vn 0.465516 0.838411 0.283482
vn 0.452028 0.849947 0.270666
vn 0.439985 0.860930 0.255368
vn 0.429652 0.871118 0.237806
vn 0.421276 0.880276 0.218268
vn 0.415075 0.888179 0.197106
vn 0.411229 0.894627 0.174738
vn 0.409869 0.899453 0.151628
vn 0.411070 0.902533 0.128280
vn 0.414845 0.903789 0.105213
vn 0.421139 0.903196 0.082945
vn 0.429829 0.900781 0.061970
vn 0.440732 0.896621 0.042743
vn 0.453604 0.890834 0.025662
vn 0.468154 0.883578 0.011058
vn 0.484056 0.875037 -0.000815
vn 0.500958 0.865416 -0.009778
vn 0.518497 0.854934 -0.015732
vn 0.536311 0.843814 -0.018650
vn 0.554047 0.832278 -0.018572
vn 0.571374 0.820541 -0.015596
vn 0.587986 0.808811 -0.009871
vn 0.603608 0.797280 -0.001586
vn 0.618001 0.786126 0.009038
vn 0.630958 0.775512 0.021756
vn 0.642311 0.765584 0.036305
vn 0.651924 0.756471 0.052412
vn 0.659692 0.748288 0.069799
vn 0.665543 0.741132 0.088183
vn 0.669432 0.735086 0.107285
vn 0.671338 0.730219 0.126828
vn 0.721770 0.667162 0.184238
vn 0.731750 0.648874 0.208577
vn 0.740645 0.631479 0.229521
vn 0.747721 0.616146 0.247542
vn 0.734555 0.618286 0.279555
vn 0.717887 0.623208 0.310243
vn 0.698474 0.630340 0.338829
vn 0.676498 0.639640 0.364981
vn 0.652165 0.651046 0.388357
vn 0.625708 0.664475 0.408611
vn 0.597395 0.679826 0.425389
vn 0.567527 0.696978 0.438332
vn 0.536445 0.715784 0.447079
vn 0.504528 0.736072 0.451275
vn 0.472194 0.757637 0.450577
vn 0.439901 0.780230 0.444667
vn 0.408150 0.803551 0.433266
vn 0.377482 0.827234 0.416163
vn 0.348488 0.850834 0.393241
vn 0.321801 0.873824 0.364522
vn 0.298094 0.895599 0.330215
vn 0.278067 0.915500 0.290755
vn 0.262410 0.932850 0.246843
vn 0.251764 0.947015 0.199443
vn 0.246662 0.957460 0.149762
vn 0.247475 0.963804 0.099183
vn 0.254370 0.965856 0.049175
vn 0.267279 0.963619 0.001191
vn 0.285898 0.957276 -0.043424
vn 0.309707 0.947158 -0.083510
vn 0.338008 0.933699 -0.118139
vn 0.369965 0.917400 -0.146640
vn 0.404664 0.898790 -0.168595
vn 0.441154 0.878403 -0.183826
vn 0.478498 0.856758 -0.192366
vn 0.515813 0.834347 -0.194428
vn 0.552295 0.811623 -0.190364
vn 0.587246 0.788995 -0.180634
vn 0.620080 0.766827 -0.165763
vn 0.645652 0.750014 -0.143573
vn 0.651729 0.750872 -0.106964
vn 0.657889 0.750054 -0.067833
vn 0.664587 0.746709 -0.027388
vn 0.672146 0.740302 0.013155
vn 0.680715 0.730653 0.052662
vn 0.690253 0.717929 0.090160
vn 0.700536 0.702604 0.124888
vn 0.711197 0.685390 0.156333
vn 0.679641 0.673148 0.291477
vn 0.702143 0.636300 0.319557
vn 0.722763 0.601041 0.341121
vn 0.740459 0.569189 0.357414
vn 0.754509 0.542187 0.369797
vn 0.764477 0.521072 0.379550
vn 0.751409 0.520117 0.406033
vn 0.721707 0.532207 0.442599
vn 0.688636 0.547090 0.475892
vn 0.652398 0.564694 0.505468
vn 0.613243 0.584925 0.530844
vn 0.571477 0.607674 0.551495
vn 0.527466 0.632813 0.566858
vn 0.481640 0.660197 0.576336
vn 0.434493 0.689658 0.579299
vn 0.386581 0.720990 0.575090
vn 0.338522 0.753924 0.563029
vn 0.291017 0.788084 0.542433
vn 0.244880 0.822925 0.512668
vn 0.201079 0.857677 0.473241
vn 0.160786 0.891303 0.423942
vn 0.125381 0.922511 0.365037
vn 0.096410 0.949860 0.297441
vn 0.075438 0.971937 0.222819
vn 0.063852 0.987583 0.143538
vn 0.062647 0.996080 0.062457
vn 0.072269 0.997233 -0.017396
vn 0.092560 0.991341 -0.093145
vn 0.122809 0.979066 -0.162317
vn 0.161858 0.961292 -0.222978
vn 0.208232 0.938984 -0.273766
vn 0.260270 0.913099 -0.313861
vn 0.316224 0.884536 -0.342926
vn 0.374351 0.854117 -0.361034
vn 0.432999 0.822585 -0.368601
vn 0.490671 0.790608 -0.366308
vn 0.546085 0.758778 -0.355030
vn 0.569286 0.755766 -0.323621
vn 0.570610 0.773559 -0.275702
vn 0.570150 0.791585 -0.219822
vn 0.569769 0.806515 -0.157788
vn 0.571216 0.815639 -0.091897
vn 0.575848 0.817185 -0.024656
vn 0.584476 0.810351 0.041471
vn 0.597348 0.795177 0.104250
vn 0.614195 0.772391 0.161793
vn 0.634293 0.743268 0.212661
vn 0.656554 0.709517 0.255972
vn 0.464836 0.792530 0.394745
vn 0.493372 0.755887 0.430370
vn 0.534266 0.710088 0.458623
vn 0.586425 0.653329 0.478818
vn 0.645366 0.586257 0.489700
vn 0.704165 0.513039 0.490859
vn 0.756161 0.440518 0.483905
vn 0.756333 0.419806 0.501720
vn 0.716796 0.436963 0.543385
vn 0.673107 0.457320 0.581193
vn 0.625418 0.480801 0.614559
vn 0.573954 0.507312 0.642815
vn 0.519033 0.536747 0.665212
vn 0.461064 0.568996 0.680928
vn 0.400546 0.603948 0.689065
vn 0.338046 0.641490 0.688633
vn 0.274195 0.681480 0.678529
vn 0.209709 0.723676 0.657507
vn 0.145467 0.767609 0.624192
vn 0.082656 0.812416 0.577190
vn 0.022974 0.856656 0.515376
vn -0.031227 0.898254 0.438365
vn -0.076989 0.934671 0.347076
vn -0.111111 0.963363 0.244103
vn -0.130766 0.982369 0.133609
vn -0.134113 0.990750 0.020711
vn -0.120615 0.988666 -0.089395
vn -0.090987 0.977135 -0.192171
vn -0.046887 0.957643 -0.284114
vn 0.009456 0.931812 -0.362819
vn 0.075540 0.901165 -0.426843
vn 0.148780 0.867032 -0.475521
vn 0.226600 0.830525 -0.508803
vn 0.306510 0.792576 -0.527138
vn 0.386170 0.753987 -0.531392
vn 0.463491 0.715465 -0.522768
vn 0.483213 0.726501 -0.488572
vn 0.474598 0.764878 -0.435567
vn 0.460830 0.807206 -0.368855
vn 0.446546 0.846391 -0.290205
vn 0.436057 0.876774 -0.202784
vn 0.432251 0.894987 -0.110264
vn 0.436335 0.899639 -0.016135
vn 0.448324 0.890599 0.076416
vn 0.454535 0.875733 0.162754
vn 0.440928 0.865917 0.236157
vn 0.439465 0.847095 0.298832
vn 0.447405 0.822445 0.351300
vn 0.249952 0.876502 0.411422
vn 0.241719 0.857775 0.453645
vn 0.256445 0.829068 0.496873
vn 0.304004 0.783925 0.541335
vn 0.386185 0.716495 0.580944
vn 0.492309 0.625482 0.605313
vn 0.601277 0.519437 0.607167
vn 0.693247 0.415012 0.589215
vn 0.720201 0.345900 0.601385
vn 0.688323 0.347120 0.636961
vn 0.634392 0.372299 0.677451
vn 0.575492 0.400828 0.712844
vn 0.511817 0.432617 0.742217
vn 0.443690 0.467573 0.764535
vn 0.371551 0.505620 0.778651
vn 0.295921 0.546716 0.783283
vn 0.217365 0.590849 0.776949
vn 0.136493 0.637973 0.757866
vn 0.054083 0.687836 0.723849
vn -0.028616 0.739670 0.672361
vn -0.109383 0.791799 0.600908
vn -0.184559 0.841379 0.507955
vn -0.249050 0.884636 0.394199
vn -0.297190 0.917749 0.263468
vn -0.324248 0.938014 0.122446
vn -0.327709 0.944549 -0.020827
vn -0.307622 0.938172 -0.158750
vn -0.266052 0.920770 -0.285306
vn -0.206211 0.894636 -0.396364
vn -0.131711 0.862021 -0.489462
vn -0.046116 0.824886 -0.563415
vn 0.047223 0.784810 -0.617934
vn 0.145165 0.743005 -0.653354
vn 0.244720 0.700401 -0.670485
vn 0.343053 0.657761 -0.670570
vn 0.396620 0.648500 -0.649723
vn 0.378274 0.700180 -0.605522
vn 0.348704 0.763565 -0.543483
vn 0.317684 0.826982 -0.463873
vn 0.294602 0.881043 -0.370099
vn 0.284664 0.920866 -0.266406
vn 0.288177 0.944781 -0.156021
vn 0.291929 0.955481 -0.042823
vn 0.284539 0.956650 0.062123
vn 0.290071 0.943893 0.157877
vn 0.292410 0.925361 0.241253
vn 0.284790 0.907015 0.310190
vn 0.268209 0.891313 0.365548
vn 0.046601 0.954775 0.293655
vn -0.044610 0.946627 0.319229
vn -0.092445 0.925183 0.368090
vn -0.082742 0.891394 0.445613
vn -0.006173 0.838773 0.544446
vn 0.139439 0.753516 0.642473
vn 0.330849 0.627263 0.705039
vn 0.515836 0.478479 0.710613
vn 0.622245 0.350719 0.699863
vn 0.668403 0.267895 0.693880
vn 0.640536 0.263656 0.721248
vn 0.576376 0.292545 0.763026
vn 0.506114 0.324847 0.798951
vn 0.429921 0.360475 0.827784
vn 0.348121 0.399348 0.848135
vn 0.261144 0.441437 0.858451
vn 0.169447 0.486792 0.856925
vn 0.073481 0.535521 0.841319
vn -0.026174 0.587622 0.808712
vn -0.128327 0.642587 0.755390
vn -0.230256 0.698786 0.677260
vn -0.326721 0.752922 0.571280
vn -0.409883 0.800248 0.437721
vn -0.471023 0.835885 0.281840
vn -0.503430 0.856585 0.113224
vn -0.504427 0.861570 -0.057017
vn -0.475330 0.852105 -0.219040
vn -0.420081 0.830587 -0.365590
vn -0.343753 0.799806 -0.492082
vn -0.251465 0.762483 -0.596141
vn -0.147821 0.720973 -0.677013
vn -0.036763 0.677110 -0.734963
vn 0.078256 0.632211 -0.770834
vn 0.194028 0.587214 -0.785833
vn 0.307469 0.542843 -0.781527
vn 0.299220 0.582796 -0.755524
vn 0.256660 0.653740 -0.711864
vn 0.208158 0.732665 -0.647975
vn 0.171737 0.806054 -0.566377
vn 0.158059 0.867407 -0.471829
vn 0.167705 0.915155 -0.366560
vn 0.187743 0.949413 -0.251728
vn 0.230947 0.963637 -0.134412
vn 0.282893 0.959000 -0.017072
vn 0.312202 0.945610 0.091383
vn 0.302451 0.936051 0.179814
vn 0.248079 0.938394 0.240569
vn 0.155206 0.949026 0.274338
vn -0.123767 0.992265 0.009630
vn -0.237273 0.970977 0.030070
vn -0.327333 0.940976 0.086121
vn -0.410721 0.896392 0.166702
vn -0.462886 0.841310 0.279168
vn -0.335218 0.807824 0.484819
vn -0.095081 0.718953 0.688525
vn 0.218642 0.554383 0.803028
vn 0.457846 0.366309 0.810058
vn 0.579108 0.236850 0.780087
vn 0.635715 0.164642 0.754161
vn 0.576749 0.185927 0.795482
vn 0.501949 0.217060 0.837217
vn 0.419773 0.251490 0.872091
vn 0.330375 0.289114 0.898480
vn 0.234052 0.329855 0.914558
vn 0.131148 0.373733 0.918218
vn 0.021972 0.420896 0.906843
vn -0.093081 0.471523 0.876928
vn -0.212899 0.525449 0.823758
vn -0.334313 0.581421 0.741744
vn -0.450502 0.636284 0.626251
vn -0.550785 0.684980 0.476906
vn -0.623352 0.722041 0.300148
vn -0.659697 0.743708 0.108157
vn -0.657190 0.748891 -0.085225
vn -0.618461 0.738687 -0.268043
vn -0.549308 0.715513 -0.431628
vn -0.456741 0.682436 -0.570674
vn -0.347565 0.642621 -0.682816
vn -0.227536 0.598831 -0.767873
vn -0.101186 0.553161 -0.826907
vn 0.027846 0.507041 -0.861472
vn 0.156319 0.461446 -0.873288
vn 0.242399 0.439375 -0.864981
vn 0.197205 0.499321 -0.843675
vn 0.133052 0.578988 -0.804407
vn 0.077717 0.661252 -0.746127
vn 0.052390 0.736362 -0.674556
vn 0.062468 0.802886 -0.592850
vn 0.101923 0.861008 -0.498273
vn 0.210793 0.890803 -0.402538
vn 0.313817 0.907068 -0.280618
vn 0.392586 0.909649 -0.135703
vn 0.410229 0.911654 -0.024456
vn 0.335017 0.941371 0.039795
vn 0.183332 0.982019 0.045035
vn 0.023079 0.999456 0.023549
vn -0.094706 0.975426 -0.198934
vn -0.091523 0.995262 -0.032818
vn -0.130301 0.982812 0.130774
vn -0.208312 0.939316 0.272565
vn -0.320168 0.869156 0.376910
vn -0.462205 0.774403 0.432049
vn -0.494722 0.693387 0.523894
vn -0.209249 0.599740 0.772352
vn 0.210504 0.371760 0.904148
vn 0.457174 0.198783 0.866878
vn 0.570720 0.104144 0.814514
vn 0.576686 0.083455 0.812692
vn 0.499183 0.111971 0.859232
vn 0.413001 0.143575 0.899342
vn 0.318075 0.178127 0.931181
vn 0.214537 0.215472 0.952652
vn 0.102621 0.255524 0.961341
vn -0.017431 0.298349 0.954298
vn -0.145283 0.344185 0.927593
vn -0.279818 0.393192 0.875844
vn -0.417520 0.444766 0.792376
vn -0.550402 0.496545 0.671193
vn -0.665555 0.543989 0.510991
vn -0.748555 0.581534 0.318566
vn -0.789081 0.604764 0.107761
vn -0.784036 0.611718 -0.105305
vn -0.736739 0.602805 -0.306337
vn -0.654560 0.580215 -0.484667
vn -0.546593 0.547232 -0.633856
vn -0.421622 0.507399 -0.751519
vn -0.286777 0.463764 -0.838261
vn -0.147247 0.418547 -0.896179
vn -0.006845 0.373228 -0.927714
vn 0.131225 0.328842 -0.935224
vn 0.167421 0.333101 -0.927908
vn 0.098926 0.396781 -0.912567
vn 0.022361 0.475030 -0.879686
vn -0.027101 0.552856 -0.832836
vn -0.032771 0.625920 -0.779199
vn 0.004404 0.695926 -0.718100
vn 0.152236 0.734183 -0.661664
vn 0.292292 0.768777 -0.568812
vn 0.416339 0.796046 -0.439287
vn 0.515078 0.811398 -0.276277
vn 0.484047 0.853513 -0.192910
vn 0.371185 0.912583 -0.171503
vn 0.181714 0.960343 -0.211476
vn -0.009617 0.967763 -0.251679
vn 0.133729 0.967524 -0.214511
vn 0.144019 0.989561 0.005331
vn 0.096665 0.970531 0.220740
vn -0.003591 0.916405 0.400237
vn -0.143551 0.838493 0.525663
vn -0.310182 0.745001 0.590559
vn -0.499751 0.634951 0.589141
vn -0.502605 0.555979 0.662024
vn -0.152517 0.444325 0.882788
vn 0.260313 0.230931 0.937501
vn 0.489850 0.054215 0.870119
vn 0.575018 -0.013282 0.818033
vn 0.497594 0.011429 0.867335
vn 0.409211 0.038881 0.911611
vn 0.310761 0.068852 0.947991
vn 0.202184 0.101101 0.974115
vn 0.083626 0.135399 0.987256
vn -0.044652 0.171654 0.984145
vn -0.182183 0.210042 0.960568
vn -0.327674 0.250957 0.910851
vn -0.477396 0.294538 0.827853
vn -0.622931 0.339655 0.704692
vn -0.750325 0.382965 0.538841
vn -0.843280 0.419298 0.336257
vn -0.889303 0.443585 0.111233
vn -0.883773 0.452748 -0.118172
vn -0.829845 0.446361 -0.334841
vn -0.736250 0.426347 -0.525514
vn -0.614374 0.396069 -0.682404
vn -0.475219 0.359145 -0.803232
vn -0.327394 0.318565 -0.889567
vn -0.176795 0.276437 -0.944630
vn -0.027454 0.234220 -0.971796
vn 0.117434 0.193048 -0.974136
vn 0.097999 0.216198 -0.971419
vn 0.011653 0.276585 -0.960919
vn -0.067558 0.347430 -0.935269
vn -0.104643 0.417578 -0.902595
vn -0.090553 0.486035 -0.869235
vn 0.036291 0.533289 -0.845154
vn 0.198929 0.572504 -0.795403
vn 0.356474 0.611339 -0.706534
vn 0.501169 0.645872 -0.575916
vn 0.596344 0.679021 -0.428141
vn 0.546124 0.748309 -0.376540
vn 0.377806 0.831138 -0.408009
vn 0.128304 0.870037 -0.475997
vn 0.072064 0.910245 -0.407751
vn 0.384750 0.894821 -0.226414
vn 0.405630 0.912088 0.059667
vn 0.341182 0.879918 0.330665
vn 0.207135 0.813852 0.542899
vn 0.028841 0.731618 0.681104
vn -0.172878 0.643352 0.745796
vn -0.387432 0.550166 0.739739
vn -0.586032 0.454672 0.670702
vn -0.389925 0.427743 0.815472
vn 0.023610 0.304489 0.952223
vn 0.353318 0.134442 0.925792
vn 0.514662 0.005559 0.857375
vn 0.492419 -0.057918 0.868429
vn 0.407948 -0.061133 0.910956
vn 0.307857 -0.036892 0.950717
vn 0.196405 -0.011048 0.980461
vn 0.073660 0.016034 0.997154
vn -0.060000 0.044088 0.997224
vn -0.203799 0.073158 0.976275
vn -0.356066 0.103749 0.928683
vn -0.509388 0.141700 0.848790
vn -0.594501 0.292922 0.748842
vn -0.681297 0.453299 0.574765
vn -0.762734 0.552285 0.336480
vn -0.829466 0.553228 0.076973
vn -0.866983 0.469075 -0.168256
vn -0.860949 0.342409 -0.376196
vn -0.792590 0.255788 -0.553510
vn -0.659338 0.231007 -0.715478
vn -0.508600 0.200102 -0.837428
vn -0.350350 0.165579 -0.921867
vn -0.191193 0.129240 -0.973007
vn -0.035496 0.092505 -0.995079
vn 0.106399 0.058633 -0.992593
vn 0.036932 0.089667 -0.995287
vn -0.060465 0.142344 -0.987969
vn -0.136053 0.203560 -0.969563
vn -0.160118 0.264924 -0.950882
vn -0.111911 0.321367 -0.940319
vn 0.057348 0.354172 -0.933420
vn 0.229615 0.390132 -0.891669
vn 0.400852 0.427851 -0.810099
vn 0.563868 0.463853 -0.683296
vn 0.642671 0.512894 -0.569134
vn 0.569326 0.602411 -0.559436
vn 0.325666 0.694812 -0.641232
vn 0.150064 0.745110 -0.649840
vn 0.290620 0.832512 -0.471661
vn 0.644888 0.727986 -0.232714
vn 0.667747 0.734530 0.120744
vn 0.571754 0.692511 0.439915
vn 0.395357 0.623848 0.674171
vn 0.177872 0.548327 0.817129
vn -0.056767 0.475711 0.877768
vn -0.297331 0.406643 0.863849
vn -0.549145 0.330097 0.767773
vn -0.495905 0.366509 0.787242
vn -0.156333 0.343916 0.925895
vn 0.211562 0.225848 0.950912
vn 0.433512 0.096259 0.895992
vn 0.459712 0.007672 0.888035
vn 0.389919 -0.053898 0.919270
vn 0.303425 -0.102502 0.947326
vn 0.196519 -0.119248 0.973221
vn 0.072063 -0.100350 0.992339
vn -0.064060 -0.081511 0.994612
vn -0.210625 -0.062819 0.975546
vn -0.329589 0.007352 0.944096
vn -0.374576 0.183470 0.908863
vn -0.342797 0.497809 0.796666
vn -0.310814 0.794653 0.521460
vn -0.322622 0.920081 0.222183
vn -0.386923 0.921242 -0.040043
vn -0.513320 0.807719 -0.289987
vn -0.653825 0.554448 -0.514879
vn -0.705352 0.264757 -0.657558
vn -0.670895 0.068871 -0.738347
vn -0.521042 0.033593 -0.852870
vn -0.355802 0.007683 -0.934530
vn -0.191231 -0.020495 -0.981331
vn -0.032174 -0.049537 -0.998254
vn 0.071014 -0.068873 -0.995095
vn -0.013589 -0.044404 -0.998921
vn -0.116252 -0.001393 -0.993219
vn -0.185938 0.049907 -0.981293
vn -0.201212 0.106016 -0.973794
vn -0.105463 0.141057 -0.984368
vn 0.066827 0.167177 -0.983659
vn 0.244162 0.196343 -0.949650
vn 0.424279 0.227880 -0.876389
vn 0.601220 0.259046 -0.755930
vn 0.658865 0.321376 -0.680158
vn 0.548551 0.418119 -0.724064
vn 0.246260 0.513434 -0.822035
vn 0.320834 0.592714 -0.738753
vn 0.511478 0.672808 -0.534528
vn 0.863532 0.445919 -0.235519
vn 0.879132 0.445019 0.170543
vn 0.746358 0.410189 0.524113
vn 0.528892 0.358143 0.769420
vn 0.279790 0.305004 0.910324
vn 0.023182 0.259310 0.965516
vn -0.234366 0.221751 0.946519
vn -0.497994 0.185154 0.847183
vn -0.517286 0.299222 0.801799
vn -0.258147 0.366062 0.894069
vn 0.089003 0.321276 0.942794
vn 0.343629 0.214808 0.914208
vn 0.405616 0.112853 0.907050
vn 0.349750 0.030077 0.936360
vn 0.275857 -0.038069 0.960445
vn 0.183077 -0.090713 0.978904
vn 0.071140 -0.127197 0.989323
vn -0.049307 -0.141062 0.988772
vn -0.163485 -0.100511 0.981412
vn -0.221789 0.013703 0.974998
vn -0.126849 0.290897 0.948308
vn 0.027208 0.707987 0.705701
vn -0.292312 0.806509 0.513904
vn -0.451999 0.859928 0.237109
vn -0.477125 0.876369 -0.065795
vn -0.380458 0.852812 -0.357721
vn -0.198163 0.776743 -0.597831
vn -0.408973 0.418282 -0.811037
vn -0.539442 0.062766 -0.839680
vn -0.496812 -0.114621 -0.860256
vn -0.343620 -0.151550 -0.926800
vn -0.177467 -0.169729 -0.969380
vn -0.018566 -0.189214 -0.981760
vn 0.043113 -0.198978 -0.979055
vn -0.052165 -0.182768 -0.981771
vn -0.159366 -0.143753 -0.976697
vn -0.229171 -0.085461 -0.969627
vn -0.218930 -0.054330 -0.974227
vn -0.106781 -0.039677 -0.993491
vn 0.064980 -0.021266 -0.997660
vn 0.242978 -0.001115 -0.970031
vn 0.426617 0.020496 -0.904200
vn 0.594314 0.052181 -0.802538
vn 0.639656 0.130811 -0.757448
vn 0.497380 0.218729 -0.839506
vn 0.203139 0.306460 -0.929955
vn 0.460267 0.364879 -0.809331
vn 0.698997 0.413844 -0.583213
vn 0.948923 0.231958 -0.213871
vn 0.963865 0.152019 0.218757
vn 0.824934 0.055239 0.562523
vn 0.584913 0.040877 0.810065
vn 0.321285 0.027132 0.946594
vn 0.058043 0.018862 0.998136
vn -0.204196 0.017415 0.978775
vn -0.432090 0.083190 0.897985
vn -0.484105 0.258617 0.835918
vn -0.289977 0.391638 0.873231
vn 0.003572 0.412860 0.910787
vn 0.252161 0.345705 0.903827
vn 0.322381 0.243540 0.914745
vn 0.285792 0.145641 0.947160
vn 0.229105 0.062493 0.971394
vn 0.152608 -0.003508 0.988281
vn 0.056968 -0.050093 0.997119
vn -0.044457 -0.079606 0.995835
vn -0.111081 -0.066782 0.991565
vn -0.097383 0.047786 0.994099
vn 0.150852 0.336440 0.929544
vn -0.209941 0.424633 0.880688
vn -0.556900 0.495670 0.666463
vn -0.762642 0.552895 0.335686
vn -0.809633 0.584177 -0.056852
vn -0.697317 0.563159 -0.443397
vn -0.433456 0.519049 -0.736685
vn -0.073587 0.456165 -0.886847
vn -0.330430 0.072423 -0.941048
vn -0.388706 -0.165293 -0.906414
vn -0.298827 -0.272666 -0.914525
vn -0.150697 -0.314740 -0.937139
vn 0.004077 -0.323334 -0.946276
vn 0.017487 -0.304770 -0.952266
vn -0.096452 -0.267057 -0.958842
vn -0.201271 -0.231178 -0.951865
vn -0.244648 -0.210601 -0.946464
vn -0.215654 -0.208009 -0.954057
vn -0.115947 -0.216418 -0.969391
vn 0.052096 -0.205962 -0.977172
vn 0.226705 -0.195719 -0.954096
vn 0.408412 -0.185925 -0.893662
vn 0.539055 -0.128586 -0.832397
vn 0.582531 -0.038359 -0.811903
vn 0.429611 0.082614 -0.899227
vn 0.256814 0.153569 -0.954182
vn 0.522979 0.173189 -0.834565
vn 0.772163 0.220261 -0.596028
vn 0.888030 0.450861 -0.090154
vn 0.908031 0.062884 0.414155
vn 0.754385 -0.195145 0.626755
vn 0.546420 -0.260975 0.795812
vn 0.300494 -0.250162 0.920393
vn 0.047689 -0.218008 0.974781
vn -0.190942 -0.154871 0.969307
vn -0.357739 -0.005023 0.933808
vn -0.400168 0.235425 0.885686
vn -0.266064 0.419227 0.868020
vn -0.039282 0.479099 0.876882
vn 0.171435 0.449144 0.876858
vn 0.215777 0.353367 0.910259
vn 0.199366 0.254429 0.946319
vn 0.162104 0.167256 0.972496
vn 0.104894 0.096461 0.989794
vn 0.029394 0.046664 0.998478
vn -0.060956 0.023819 0.997856
vn -0.085111 0.009300 0.996328
vn -0.000324 0.067709 0.997705
vn 0.142599 0.072575 0.987116
vn -0.283003 -0.010570 0.959061
vn -0.652580 0.000939 0.757719
vn -0.905487 0.033700 0.423034
vn -0.996976 0.061279 -0.047786
vn -0.854735 0.064941 -0.514986
vn -0.562952 0.068079 -0.823681
vn -0.175680 0.103514 -0.978990
vn -0.128741 0.014405 -0.991574
vn -0.273852 -0.201361 -0.940457
vn -0.227342 -0.301326 -0.926023
vn -0.119844 -0.328487 -0.936874
vn 0.011461 -0.320450 -0.947196
vn -0.011200 -0.310647 -0.950459
vn -0.119544 -0.306297 -0.944400
vn -0.205971 -0.307416 -0.929016
vn -0.235004 -0.317605 -0.918640
vn -0.200689 -0.336192 -0.920163
vn -0.109290 -0.359464 -0.926737
vn 0.029286 -0.379842 -0.924587
vn 0.194622 -0.375511 -0.906153
vn 0.345485 -0.337713 -0.875551
vn 0.459137 -0.272486 -0.845544
vn 0.488489 -0.160837 -0.857619
vn 0.326661 0.011592 -0.945070
vn 0.284180 0.076982 -0.955676
vn 0.511589 0.119365 -0.850899
vn 0.713732 0.312726 -0.626729
vn 0.650426 -0.759462 -0.012773
vn 0.658908 -0.606239 0.445326
vn 0.594967 -0.497100 0.631590
vn 0.437756 -0.478862 0.760960
vn 0.234078 -0.446111 0.863824
vn 0.021762 -0.379168 0.925072
vn -0.160065 -0.268915 0.949771
vn -0.268407 -0.096971 0.958412
vn -0.272831 0.132939 0.952833
vn -0.189482 0.352301 0.916504
vn -0.048669 0.462873 0.885087
vn 0.095732 0.450504 0.887627
vn 0.112259 0.365905 0.923857
vn 0.109836 0.280086 0.953671
vn 0.088575 0.199467 0.975893
vn 0.049373 0.129449 0.990356
vn -0.005612 0.074720 0.997189
vn -0.071950 0.039439 0.996628
vn -0.095589 0.005925 0.995403
vn 0.022962 -0.049151 0.998527
vn 0.106908 -0.241061 0.964604
vn -0.198095 -0.402945 0.893529
vn -0.515242 -0.462378 0.721618
vn -0.767579 -0.474553 0.430838
vn -0.881422 -0.471098 -0.034081
vn -0.748122 -0.437229 -0.499143
vn -0.489180 -0.379817 -0.785139
vn -0.159925 -0.276543 -0.947601
vn -0.033766 -0.171345 -0.984632
vn -0.186437 -0.263057 -0.946595
vn -0.181355 -0.314372 -0.931816
vn -0.097537 -0.324199 -0.940947
vn 0.007094 -0.310845 -0.950434
vn -0.013526 -0.311118 -0.950275
vn -0.109415 -0.334185 -0.936135
vn -0.182651 -0.362778 -0.913800
vn -0.207394 -0.394455 -0.895205
vn -0.178306 -0.426321 -0.886824
vn -0.101026 -0.454151 -0.885179
vn 0.012979 -0.469243 -0.882974
vn 0.144601 -0.464191 -0.873852
vn 0.271278 -0.436655 -0.857753
vn 0.362088 -0.372108 -0.854651
vn 0.365490 -0.250926 -0.896355
vn 0.212337 -0.089095 -0.973126
vn 0.283563 -0.147359 -0.947564
vn 0.456408 -0.287035 -0.842201
vn 0.595140 -0.569920 -0.566568
vn 0.416748 -0.908158 -0.039638
vn 0.428215 -0.877233 0.217010
vn 0.408283 -0.788275 0.460355
vn 0.306088 -0.695162 0.650431
vn 0.154087 -0.611245 0.776297
vn -0.003482 -0.516262 0.856424
vn -0.126023 -0.397051 0.909103
vn -0.180564 -0.242820 0.953118
vn -0.160940 -0.060640 0.985100
vn -0.089945 0.110061 0.989847
vn -0.000782 0.231334 0.972874
vn 0.017402 0.265413 0.963978
vn 0.035942 0.212782 0.976438
vn 0.039745 0.147103 0.988322
vn 0.028156 0.075800 0.996725
vn 0.001864 0.003119 0.999993
vn -0.037160 -0.069229 0.996908
vn -0.084908 -0.142973 0.986078
vn -0.129292 -0.226195 0.965463
vn -0.009972 -0.355284 0.934705
vn 0.103586 -0.517924 0.849132
vn -0.039151 -0.673029 0.738579
vn -0.217085 -0.819843 0.529841
vn -0.328145 -0.902847 0.277827
vn -0.378414 -0.925593 -0.008999
vn -0.364595 -0.876336 -0.314809
vn -0.256254 -0.742447 -0.618955
vn -0.037509 -0.600341 -0.798864
vn -0.010090 -0.487179 -0.873244
vn -0.136844 -0.457755 -0.878484
vn -0.153702 -0.426727 -0.891224
vn -0.074853 -0.406111 -0.910753
vn 0.001098 -0.374516 -0.927220
vn 0.002239 -0.359868 -0.933000
vn -0.079589 -0.386332 -0.918920
vn -0.143169 -0.420344 -0.895999
vn -0.169287 -0.456560 -0.873438
vn -0.152166 -0.489897 -0.858397
vn -0.096389 -0.514680 -0.851947
vn -0.011332 -0.524585 -0.851283
vn 0.102743 -0.529971 -0.841769
vn 0.202016 -0.518341 -0.830970
vn 0.262654 -0.484811 -0.834249
vn 0.249289 -0.433567 -0.865953
vn 0.135595 -0.406238 -0.903651
vn 0.218560 -0.555300 -0.802417
vn 0.329315 -0.723134 -0.607149
vn 0.403740 -0.851987 -0.333333
vn 0.181037 -0.983059 -0.028629
vn 0.177370 -0.979039 0.100108
vn 0.166699 -0.956619 0.238936
vn 0.133992 -0.903347 0.407443
vn 0.062670 -0.800699 0.595779
vn -0.036082 -0.663304 0.747480
vn -0.104367 -0.561502 0.820867
vn -0.119088 -0.448000 0.886066
vn -0.085771 -0.325779 0.941547
vn -0.023249 -0.210350 0.977350
vn 0.029869 -0.129757 0.991096
vn 0.013782 -0.105385 0.994336
vn -0.001842 -0.101619 0.994822
vn -0.006594 -0.133776 0.990990
vn -0.012798 -0.192824 0.981150
vn -0.030439 -0.263138 0.964278
vn -0.057726 -0.343031 0.937549
vn -0.091116 -0.432279 0.897125
vn -0.124619 -0.530982 0.838169
vn -0.062037 -0.639594 0.766206
vn 0.076349 -0.744564 0.663170
vn 0.086943 -0.893327 0.440916
vn 0.050583 -0.966720 0.250788
vn 0.033769 -0.992216 0.119862
vn 0.027030 -0.999445 0.019452
vn 0.026162 -0.994719 -0.099250
vn 0.050480 -0.959870 -0.275866
vn 0.095457 -0.859529 -0.502093
vn -0.025423 -0.746721 -0.664651
vn -0.113272 -0.684458 -0.720199
vn -0.104188 -0.623668 -0.774715
vn -0.049811 -0.572450 -0.818425
vn 0.002318 -0.524737 -0.851261
vn 0.022397 -0.487923 -0.872599
vn -0.047784 -0.499474 -0.865010
vn -0.103631 -0.519601 -0.848101
vn -0.132214 -0.544211 -0.828464
vn -0.128643 -0.568596 -0.812496
vn -0.096514 -0.587466 -0.803473
vn -0.025774 -0.610912 -0.791279
vn 0.058836 -0.628687 -0.775429
vn 0.138822 -0.638194 -0.757256
vn 0.178611 -0.647437 -0.740893
vn 0.164788 -0.659286 -0.733612
vn 0.088033 -0.680370 -0.727563
vn 0.114483 -0.795547 -0.594978
vn 0.157790 -0.912121 -0.378335
vn 0.178251 -0.967192 -0.181014
vn 0.045627 -0.998687 -0.023289
vn 0.046250 -0.997581 0.051893
vn 0.041066 -0.990131 0.133997
vn 0.023787 -0.969932 0.242210
vn -0.011605 -0.924329 0.381419
vn -0.058884 -0.840994 0.537831
vn -0.092700 -0.721304 0.686387
vn -0.082656 -0.638276 0.765357
vn -0.041504 -0.565119 0.823965
vn 0.016245 -0.495791 0.868290
vn 0.024951 -0.451523 0.891910
vn 0.008192 -0.430376 0.902613
vn -0.008408 -0.426909 0.904256
vn -0.025234 -0.441218 0.897045
vn -0.036868 -0.476881 0.878194
vn -0.047624 -0.530260 0.846497
vn -0.065327 -0.592398 0.802993
vn -0.087257 -0.660242 0.745967
vn -0.109498 -0.730328 0.674264
vn -0.111167 -0.830232 0.546220
vn -0.022179 -0.911668 0.410329
vn 0.052985 -0.961559 0.269437
vn 0.084078 -0.984538 0.153677
vn 0.092643 -0.993095 0.071974
vn 0.098575 -0.995085 0.009407
vn 0.104324 -0.992771 -0.059353
vn 0.082150 -0.985196 -0.150468
vn 0.025379 -0.964869 -0.261501
vn -0.039717 -0.924336 -0.379507
vn -0.082729 -0.865895 -0.493337
vn -0.060230 -0.795153 -0.603410
vn -0.027173 -0.723350 -0.689947
vn 0.007857 -0.678891 -0.734197
vn 0.035023 -0.637989 -0.769249
vn -0.023168 -0.637860 -0.769804
vn -0.073151 -0.645459 -0.760284
vn -0.103662 -0.657835 -0.745994
vn -0.111495 -0.672705 -0.731462
vn -0.092195 -0.690837 -0.717109
vn -0.039393 -0.716634 -0.696336
vn 0.020541 -0.740165 -0.672111
vn 0.078139 -0.762451 -0.642310
vn 0.111346 -0.794156 -0.597427
vn 0.092446 -0.834671 -0.542935
vn 0.038713 -0.875592 -0.481498
vn 0.013274 -0.928790 -0.370370
vn 0.028497 -0.972504 -0.231134
vn 0.040273 -0.992714 -0.113563
vn -0.021056 -0.999383 -0.028104
vn -0.019036 -0.999503 0.025131
vn -0.022155 -0.996328 0.082699
vn -0.032218 -0.987323 0.155418
vn -0.048634 -0.967463 0.248295
vn -0.065163 -0.931545 0.357738
vn -0.069953 -0.878362 0.472850
vn -0.052793 -0.812842 0.580087
vn -0.013156 -0.743827 0.668243
vn 0.031725 -0.692461 0.720757
vn 0.016275 -0.667414 0.744509
vn 0.000758 -0.653495 0.756930
vn -0.014818 -0.651666 0.758362
vn -0.030463 -0.662088 0.748807
vn -0.046095 -0.684111 0.727920
vn -0.054018 -0.717231 0.694738
vn -0.063703 -0.777177 0.626050
vn -0.074728 -0.838635 0.539543
vn -0.083340 -0.893156 0.441957
vn -0.086544 -0.935588 0.342324
vn -0.083375 -0.964639 0.250039
vn -0.042258 -0.984188 0.172010
vn -0.011277 -0.994305 0.105972
vn 0.007048 -0.998579 0.052817
vn 0.013805 -0.999873 0.007926
vn 0.009767 -0.999283 -0.036591
vn -0.004428 -0.996115 -0.087953
vn -0.027074 -0.988381 -0.149568
vn -0.041398 -0.974046 -0.222534
vn -0.034642 -0.951321 -0.306248
vn -0.022075 -0.919426 -0.392643
vn -0.005145 -0.879893 -0.475144
vn 0.012784 -0.835991 -0.548595
vn 0.027685 -0.791855 -0.610081
vn -0.005911 -0.769732 -0.638340
vn -0.050318 -0.765036 -0.642018
vn -0.081369 -0.770622 -0.632077
vn -0.096528 -0.784512 -0.612555
vn -0.083279 -0.808291 -0.582864
vn -0.050815 -0.837045 -0.544770
vn -0.015084 -0.865533 -0.500624
vn 0.017339 -0.892589 -0.450538
vn 0.040441 -0.917747 -0.395101
vn 0.030149 -0.938361 -0.344339
vn 0.000862 -0.955014 -0.296559
vn -0.033207 -0.969032 -0.244694
vn -0.031571 -0.986499 -0.160693
vn -0.026103 -0.995773 -0.088064
vn -0.050705 -0.998205 -0.031885
vn -0.050161 -0.998703 0.008745
vn -0.051331 -0.997308 0.052371
vn -0.054358 -0.993117 0.103751
vn -0.057469 -0.984547 0.165420
vn -0.056756 -0.970018 0.236311
vn -0.047305 -0.948962 0.311822
vn -0.025731 -0.922484 0.385177
vn 0.007749 -0.893330 0.449334
vn 0.013449 -0.867491 0.497271
vn 0.002395 -0.847848 0.530233
vn -0.009674 -0.836417 0.548009
vn -0.022241 -0.834933 0.549901
vn -0.034784 -0.843669 0.535736
vn -0.046689 -0.861358 0.505849
vn -0.052438 -0.885083 0.462469
vn -0.055600 -0.911339 0.407885
vn -0.059520 -0.936652 0.345166
vn -0.062388 -0.958173 0.279308
vn -0.062887 -0.974488 0.215450
vn -0.060554 -0.985626 0.157716
vn -0.055791 -0.992547 0.108339
vn -0.049570 -0.996493 0.067414
vn -0.043022 -0.998523 0.033191
vn -0.037067 -0.999309 0.002653
vn -0.032165 -0.999096 -0.027804
vn -0.028193 -0.997699 -0.061662
vn -0.024482 -0.994528 -0.101557
vn -0.020057 -0.988686 -0.148652
vn -0.014063 -0.979223 -0.202296
vn -0.006252 -0.965549 -0.260146
vn 0.002710 -0.947832 -0.318760
vn 0.011278 -0.927190 -0.374422
vn 0.017408 -0.905569 -0.423841
vn 0.003283 -0.890402 -0.455164
vn -0.031600 -0.886869 -0.460938
vn -0.059061 -0.888547 -0.454967
vn -0.077315 -0.894846 -0.439627
vn -0.071918 -0.907277 -0.414338
vn -0.055841 -0.922208 -0.382641
vn -0.037025 -0.937332 -0.346464
vn -0.019031 -0.951535 -0.306951
vn -0.004833 -0.964116 -0.265437
vn -0.000137 -0.974354 -0.225022
vn -0.018110 -0.980948 -0.193426
vn -0.039722 -0.985583 -0.164461
vn -0.050193 -0.991380 -0.121020
vn -0.051491 -0.995911 -0.074231
vn -0.053254 -0.998092 -0.031262
vn -0.053916 -0.998545 -0.000534
vn -0.053441 -0.998050 0.032248
vn -0.051649 -0.996294 0.068786
vn -0.047486 -0.992808 0.109896
vn -0.039264 -0.987146 0.154926
vn -0.025308 -0.979126 0.201672
vn -0.004787 -0.969060 0.246780
vn 0.002084 -0.958484 0.285139
vn -0.004207 -0.948832 0.315754
vn -0.011767 -0.941179 0.337702
vn -0.020171 -0.936750 0.349417
vn -0.028948 -0.936284 0.350050
vn -0.037589 -0.939855 0.339499
vn -0.045551 -0.946848 0.318440
vn -0.048362 -0.955874 0.289770
vn -0.048163 -0.965675 0.255249
vn -0.048585 -0.975133 0.216230
vn -0.048748 -0.983237 0.175694
vn -0.047985 -0.989499 0.136342
vn -0.045983 -0.993906 0.100179
vn -0.042788 -0.996750 0.068249
vn -0.038716 -0.998426 0.040584
vn -0.034198 -0.999282 0.016327
vn -0.029629 -0.999543 -0.006013
vn -0.025250 -0.999282 -0.028252
vn -0.021096 -0.998414 -0.052188
vn -0.017011 -0.996710 -0.079249
vn -0.012757 -0.993829 -0.110188
vn -0.008170 -0.989415 -0.144886
vn -0.003345 -0.983231 -0.182333
vn 0.001261 -0.975321 -0.220789
vn 0.004823 -0.966109 -0.258091
vn 0.006292 -0.956402 -0.291985
vn 0.004599 -0.947274 -0.320391
vn -0.020585 -0.945146 -0.325999
vn -0.043314 -0.945591 -0.322462
vn -0.061142 -0.948173 -0.311816
vn -0.061083 -0.953928 -0.293753
vn -0.054485 -0.960991 -0.271160
vn -0.045512 -0.968321 -0.245528
vn -0.036016 -0.975282 -0.218009
vn -0.027540 -0.981447 -0.189747
vn -0.021095 -0.986592 -0.161836
vn -0.020680 -0.990411 -0.136594
vn -0.034766 -0.992382 -0.118188
vn -0.045664 -0.994615 -0.093032
vn -0.050857 -0.996798 -0.061710
vn -0.038574 -0.998859 -0.028159
vn -0.039453 -0.999205 -0.005665
vn -0.038101 -0.999110 0.018084
vn -0.034396 -0.998461 0.043501
vn -0.027960 -0.997112 0.070616
vn -0.018311 -0.994932 0.098867
vn -0.009159 -0.991915 0.126570
vn -0.011004 -0.988389 0.151545
vn -0.014016 -0.984659 0.173923
vn -0.018068 -0.981173 0.192282
vn -0.022950 -0.978418 0.205356
vn -0.028378 -0.976815 0.212198
vn -0.034023 -0.976613 0.212294
vn -0.039529 -0.977831 0.205630
vn -0.044534 -0.980246 0.192702
vn -0.044981 -0.983370 0.175954
vn -0.043228 -0.986825 0.155909
vn -0.041974 -0.990229 0.132983
vn -0.040796 -0.993229 0.108776
vn -0.039353 -0.995629 0.084702
vn -0.037439 -0.997385 0.061813
vn -0.034997 -0.998559 0.040693
vn -0.032097 -0.999255 0.021438
vn -0.028881 -0.999576 0.003708
vn -0.025508 -0.999588 -0.013166
vn -0.022103 -0.999305 -0.030024
vn -0.018739 -0.998685 -0.047713
vn -0.015444 -0.997639 -0.066911
vn -0.012239 -0.996047 -0.087978
vn -0.009199 -0.993794 -0.110857
vn -0.006508 -0.990819 -0.135038
vn -0.004494 -0.987169 -0.159614
vn -0.003617 -0.983034 -0.183389
vn -0.004410 -0.978745 -0.205035
vn -0.007385 -0.974736 -0.223236
vn -0.014728 -0.971817 -0.235275
vn -0.032601 -0.971889 -0.233170
vn -0.048104 -0.972860 -0.226338
vn -0.051004 -0.975388 -0.214514
vn -0.049386 -0.978631 -0.199605
vn -0.045879 -0.982105 -0.182660
vn -0.041395 -0.985507 -0.164506
vn -0.036735 -0.988614 -0.145920
vn -0.032481 -0.991295 -0.127591
vn -0.028939 -0.993503 -0.110067
vn -0.026146 -0.995256 -0.093707
vn -0.029442 -0.997021 -0.071291
vn -0.035331 -0.998128 -0.049913
vn -0.027362 -0.999253 -0.027275
vn -0.025634 -0.999613 -0.010803
vn -0.024095 -0.999693 0.005767
vn -0.022889 -0.999485 0.022499
vn -0.022152 -0.998981 0.039330
vn -0.021999 -0.998187 0.056019
vn -0.022511 -0.997140 0.072141
vn -0.023721 -0.995916 0.087112
vn -0.025608 -0.994632 0.100252
vn -0.028096 -0.993438 0.110865
vn -0.031059 -0.992488 0.118331
vn -0.034329 -0.991913 0.122187
vn -0.037709 -0.991790 0.122194
vn -0.040987 -0.992124 0.118365
vn -0.043956 -0.992850 0.110977
vn -0.042877 -0.993870 0.101898
vn -0.040554 -0.995046 0.090769
vn -0.038594 -0.996229 0.077705
vn -0.036813 -0.997303 0.063496
vn -0.035045 -0.998191 0.048849
vn -0.033173 -0.998860 0.034314
vn -0.031137 -0.999310 0.020232
vn -0.028930 -0.999559 0.006727
vn -0.026588 -0.999627 -0.006282
vn -0.024170 -0.999527 -0.019027
vn -0.021745 -0.999257 -0.031825
vn -0.019381 -0.998799 -0.045002
vn -0.017153 -0.998122 -0.058807
vn -0.015148 -0.997191 -0.073350
vn -0.013483 -0.995981 -0.088549
vn -0.012323 -0.994489 -0.104113
vn -0.011875 -0.992756 -0.119562
vn -0.012384 -0.990868 -0.134264
vn -0.014101 -0.988960 -0.147507
vn -0.017241 -0.987197 -0.158572
vn -0.021941 -0.985746 -0.166801
vn -0.028215 -0.984750 -0.171672
vn -0.037713 -0.984617 -0.170608
vn -0.041814 -0.985688 -0.163314
vn -0.042500 -0.987162 -0.153967
vn -0.041836 -0.988799 -0.143268
vn -0.040226 -0.990470 -0.131721
vn -0.038056 -0.992069 -0.119796
vn -0.035641 -0.993522 -0.107903
vn -0.033790 -0.995007 -0.093915
vn -0.032433 -0.996491 -0.077161
vn -0.030865 -0.997697 -0.060400
vn -0.029145 -0.998616 -0.043773
vn -0.033794 -0.998963 -0.030512
vn -0.032891 -0.999274 -0.019240
vn -0.032125 -0.999452 -0.008029
vn -0.031565 -0.999497 0.003049
vn -0.031277 -0.999414 0.013874
vn -0.031311 -0.999215 0.024274
vn -0.031702 -0.998918 0.034014
vn -0.032459 -0.998556 0.042811
vn -0.033565 -0.998167 0.050357
vn -0.034977 -0.997798 0.056350
vn -0.036626 -0.997494 0.060527
vn -0.038426 -0.997293 0.062697
vn -0.040274 -0.997215 0.062765
vn -0.042063 -0.997266 0.060749
vn -0.043689 -0.997431 0.056776
vn -0.041881 -0.997759 0.052189
vn -0.039576 -0.998145 0.046266
vn -0.037507 -0.998533 0.039065
vn -0.035609 -0.998887 0.030933
vn -0.033818 -0.999182 0.022194
vn -0.032081 -0.999399 0.013116
vn -0.030365 -0.999531 0.003894
vn -0.028657 -0.999575 -0.005359
vn -0.026965 -0.999530 -0.014611
vn -0.025315 -0.999394 -0.023885
vn -0.023744 -0.999165 -0.033242
vn -0.022305 -0.998837 -0.042745
vn -0.021060 -0.998403 -0.052427
vn -0.020084 -0.997857 -0.062268
vn -0.019465 -0.997202 -0.072175
vn -0.019306 -0.996448 -0.081971
vn -0.019716 -0.995619 -0.091406
vn -0.020807 -0.994753 -0.100168
vn -0.022677 -0.993901 -0.107915
vn -0.025394 -0.993121 -0.114304
vn -0.028983 -0.992468 -0.119023
vn -0.033409 -0.991989 -0.121826
vn -0.038568 -0.991712 -0.122554
vn -0.040053 -0.991886 -0.120660
vn -0.039892 -0.992374 -0.116626
vn -0.039642 -0.993049 -0.110821
vn -0.039288 -0.993856 -0.103471
vn -0.038817 -0.994735 -0.094845
vn -0.038220 -0.995628 -0.085229
vn -0.037498 -0.996486 -0.074900
vn -0.036662 -0.997270 -0.064098
vn -0.035737 -0.997954 -0.053016
vn -0.034764 -0.998521 -0.041790
vn -0.038260 -0.998736 -0.032606
vn -0.037891 -0.998954 -0.025612
vn -0.037604 -0.999118 -0.018708
vn -0.037425 -0.999228 -0.011987
vn -0.037379 -0.999286 -0.005550
vn -0.037482 -0.999297 0.000491
vn -0.037744 -0.999269 0.006014
vn -0.038164 -0.999212 0.010894
vn -0.038732 -0.999137 0.015005
vn -0.039427 -0.999056 0.018233
vn -0.040219 -0.998981 0.020484
vn -0.041071 -0.998921 0.021690
vn -0.041940 -0.998882 0.021824
vn -0.042783 -0.998866 0.020893
vn -0.043543 -0.998872 0.018946
vn -0.041737 -0.998987 0.016841
vn -0.039858 -0.999109 0.013900
vn -0.038112 -0.999222 0.010180
vn -0.036487 -0.999317 0.005806
vn -0.034973 -0.999388 0.000906
vn -0.033558 -0.999427 -0.004401
vn -0.032236 -0.999430 -0.010014
vn -0.031008 -0.999393 -0.015851
vn -0.029880 -0.999315 -0.021849
vn -0.028868 -0.999192 -0.027961
vn -0.027994 -0.999025 -0.034148
vn -0.027287 -0.998812 -0.040372
vn -0.026782 -0.998555 -0.046586
vn -0.026518 -0.998257 -0.052728
vn -0.026539 -0.997922 -0.058718
vn -0.026886 -0.997559 -0.064452
vn -0.027603 -0.997178 -0.069808
vn -0.028721 -0.996796 -0.074649
vn -0.030266 -0.996428 -0.078834
vn -0.032242 -0.996092 -0.082226
vn -0.034636 -0.995804 -0.084706
vn -0.037413 -0.995577 -0.086177
vn -0.040509 -0.995421 -0.086583
vn -0.041637 -0.995461 -0.085575
vn -0.041489 -0.995657 -0.083342
vn -0.041295 -0.995928 -0.080140
vn -0.041051 -0.996258 -0.076057
vn -0.040754 -0.996629 -0.071202
vn -0.040405 -0.997021 -0.065697
vn -0.040011 -0.997416 -0.059666
vn -0.039581 -0.997797 -0.053232
vn -0.039131 -0.998151 -0.046509
vn -0.038683 -0.998466 -0.039602
vn -0.041268 -0.998577 -0.033776
vn -0.041188 -0.998687 -0.030462
vn -0.041142 -0.998783 -0.027203
vn -0.041135 -0.998864 -0.024056
vn -0.041171 -0.998930 -0.021073
vn -0.041253 -0.998981 -0.018308
vn -0.041381 -0.999018 -0.015811
vn -0.041553 -0.999043 -0.013629
vn -0.041766 -0.999058 -0.011804
vn -0.042013 -0.999063 -0.010370
vn -0.042284 -0.999062 -0.009357
vn -0.042571 -0.999055 -0.008781
vn -0.042862 -0.999044 -0.008652
vn -0.043147 -0.999028 -0.008969
vn -0.043327 -0.999014 -0.009713
vn -0.042260 -0.999051 -0.010508
vn -0.041151 -0.999084 -0.011698
vn -0.040095 -0.999108 -0.013262
vn -0.039103 -0.999120 -0.015164
vn -0.038180 -0.999120 -0.017365
vn -0.037334 -0.999106 -0.019825
vn -0.036572 -0.999078 -0.022500
vn -0.035900 -0.999034 -0.025347
vn -0.035328 -0.998974 -0.028323
vn -0.034864 -0.998899 -0.031384
vn -0.034517 -0.998809 -0.034488
vn -0.034299 -0.998704 -0.037592
vn -0.034218 -0.998587 -0.040650
vn -0.034286 -0.998460 -0.043617
vn -0.034512 -0.998324 -0.046446
vn -0.034901 -0.998184 -0.049089
vn -0.035460 -0.998043 -0.051496
vn -0.036188 -0.997905 -0.053621
vn -0.037081 -0.997774 -0.055419
vn -0.038131 -0.997654 -0.056851
vn -0.039322 -0.997549 -0.057882
vn -0.040635 -0.997461 -0.058488
vn -0.042043 -0.997393 -0.058652
vn -0.042593 -0.997396 -0.058199
vn -0.042480 -0.997459 -0.057185
vn -0.042358 -0.997546 -0.055751
vn -0.042226 -0.997652 -0.053926
vn -0.042086 -0.997773 -0.051743
vn -0.041940 -0.997906 -0.049246
vn -0.041790 -0.998045 -0.046481
vn -0.041643 -0.998185 -0.043497
vn -0.041502 -0.998323 -0.040349
vn -0.041375 -0.998455 -0.037090
vn -0.043121 -0.998486 -0.034148
f 1//1 3//3 2//2
f 2//2 3//3 50//50
f 3//3 51//51 50//50
f 50//50 51//51 98//98
f 51//51 99//99 98//98
f 98//98 99//99 146//146
f 99//99 147//147 146//146
f 146//146 147//147 194//194
f 147//147 195//195 194//194
f 194//194 195//195 242//242
f 195//195 243//243 242//242
f 242//242 243//243 290//290
f 243//243 291//291 290//290
f 290//290 291//291 338//338
f 291//291 339//339 338//338
f 338//338 339//339 386//386
f 339//339 387//387 386//386
f 386//386 387//387 434//434
f 387//387 435//435 434//434
f 434//434 435//435 482//482
f 435//435 483//483 482//482
f 482//482 483//483 530//530
f 483//483 531//531 530//530
f 530//530 531//531 578//578
f 531//531 579//579 578//578
f 578//578 579//579 626//626
f 579//579 627//627 626//626
f 626//626 627//627 674//674
f 627//627 675//675 674//674
f 674//674 675//675 722//722
f 675//675 723//723 722//722
f 722//722 723//723 770//770
f 723//723 771//771 770//770
f 770//770 771//771 818//818
f 771//771 819//819 818//818
f 818//818 819//819 866//866
f 819//819 867//867 866//866
f 866//866 867//867 914//914
f 867//867 915//915 914//914
f 914//914 915//915 962//962
f 915//915 963//963 962//962
f 962//962 963//963 1010//1010
f 963//963 1011//1011 1010//1010
f 1010//1010 1011//1011 1058//1058
f 1011//1011 1059//1059 1058//1058
f 1058//1058 1059//1059 1106//1106
f 1059//1059 1107//1107 1106//1106
f 1106//1106 1107//1107 1154//1154
f 1107//1107 1155//1155 1154//1154
f 1154//1154 1155//1155 1202//1202
f 1155//1155 1203//1203 1202//1202
f 1250//1250 1202//1202 1203//1203
f 1//1 4//4 3//3
f 3//3 4//4 51//51
f 4//4 52//52 51//51
f 51//51 52//52 99//99
f 52//52 100//100 99//99
f 99//99 100//100 147//147
f 100//100 148//148 147//147
f 147//147 148//148 195//195
f 148//148 196//196 195//195
f 195//195 196//196 243//243
f 196//196 244//244 243//243
f 243//243 244//244 291//291
f 244//244 292//292 291//291
f 291//291 292//292 339//339
f 292//292 340//340 339//339
f 339//339 340//340 387//387
f 340//340 388//388 387//387
f 387//387 388//388 435//435
f 388//388 436//436 435//435
f 435//435 436//436 483//483
f 436//436 484//484 483//483
f 483//483 484//484 531//531
f 484//484 532//532 531//531
f 531//531 532//532 579//579
f 532//532 580//580 579//579
f 579//579 580//580 627//627
f 580//580 628//628 627//627
f 627//627 628//628 675//675
f 628//628 676//676 675//675
f 675//675 676//676 723//723
f 676//676 724//724 723//723
f 723//723 724//724 771//771
f 724//724 772//772 771//771
f 771//771 772//772 819//819
f 772//772 820//820 819//819
f 819//819 820//820 867//867
f 820//820 868//868 867//867
f 867//867 868//868 915//915
f 868//868 916//916 915//915
f 915//915 916//916 963//963
f 916//916 964//964 963//963
f 963//963 964//964 1011//1011
f 964//964 1012//1012 1011//1011
f 1011//1011 1012//1012 1059//1059
f 1012//1012 1060//1060 1059//1059
f 1059//1059 1060//1060 1107//1107
f 1060//1060 1108//1108 1107//1107
f 1107//1107 1108//1108 1155//1155
f 1108//1108 1156//1156 1155//1155
f 1155//1155 1156//1156 1203//1203
f 1156//1156 1204//1204 1203//1203
f 1250//1250 1203//1203 1204//1204
f 1//1 5//5 4//4
f 4//4 5//5 52//52
f 5//5 53//53 52//52
f 52//52 53//53 100//100
f 53//53 101//101 100//100
f 100//100 101//101 148//148
f 101//101 149//149 148//148
f 148//148 149//149 196//196
f 149//149 197//197 196//196
f 196//196 197//197 244//244
f 197//197 245//245 244//244
f 244//244 245//245 292//292
f 245//245 293//293 292//292
f 292//292 293//293 340//340
f 293//293 341//341 340//340
f 340//340 341//341 388//388
f 341//341 389//389 388//388
f 388//388 389//389 436//436
f 389//389 437//437 436//436
f 436//436 437//437 484//484
f 437//437 485//485 484//484
f 484//484 485//485 532//532
f 485//485 533//533 532//532
f 532//532 533//533 580//580
f 533//533 581//581 580//580
f 580//580 581//581 628//628
f 581//581 629//629 628//628
f 628//628 629//629 676//676
f 629//629 677//677 676//676
f 676//676 677//677 724//724
f 677//677 725//725 724//724
f 724//724 725//725 772//772
f 725//725 773//773 772//772
f 772//772 773//773 820//820
f 773//773 821//821 820//820
f 820//820 821//821 868//868
f 821//821 869//869 868//868
f 868//868 869//869 916//916
f 869//869 917//917 916//916
f 916//916 917//917 964//964
f 917//917 965//965 964//964
f 964//964 965//965 1012//1012
f 965//965 1013//1013 1012//1012
f 1012//1012 1013//1013 1060//1060
f 1013//1013 1061//1061 1060//1060
f 1060//1060 1061//1061 1108//1108
f 1061//1061 1109//1109 1108//1108
f 1108//1108 1109//1109 1156//1156
f 1109//1109 1157//1157 1156//1156
f 1156//1156 1157//1157 1204//1204
f 1157//1157 1205//1205 1204//1204
f 1250//1250 1204//1204 1205//1205
f 1//1 6//6 5//5
f 5//5 6//6 53//53
f 6//6 54//54 53//53
f 53//53 54//54 101//101
f 54//54 102//102 101//101
f 101//101 102//102 149//149
f 102//102 150//150 149//149
f 149//149 150//150 197//197
f 150//150 198//198 197//197
f 197//197 198//198 245//245
f 198//198 246//246 245//245
f 245//245 246//246 293//293
f 246//246 294//294 293//293
f 293//293 294//294 341//341
f 294//294 342//342 341//341
f 341//341 342//342 389//389
f 342//342 390//390 389//389
f 389//389 390//390 437//437
f 390//390 438//438 437//437
f 437//437 438//438 485//485
f 438//438 486//486 485//485
f 485//485 486//486 533//533
f 486//486 534//534 533//533
f 533//533 534//534 581//581
f 534//534 582//582 581//581
f 581//581 582//582 629//629
f 582//582 630//630 629//629
f 629//629 630//630 677//677
f 630//630 678//678 677//677
f 677//677 678//678 725//725
f 678//678 726//726 725//725
f 725//725 726//726 773//773
f 726//726 774//774 773//773
f 773//773 774//774 821//821
f 774//774 822//822 821//821
f 821//821 822//822 869//869
f 822//822 870//870 869//869
f 869//869 870//870 917//917
f 870//870 918//918 917//917
f 917//917 918//918 965//965
f 918//918 966//966 965//965
f 965//965 966//966 1013//1013
f 966//966 1014//1014 1013//1013
f 1013//1013 1014//1014 1061//1061
f 1014//1014 1062//1062 1061//1061
f 1061//1061 1062//1062 1109//1109
f 1062//1062 1110//1110 1109//1109
f 1109//1109 1110//1110 1157//1157
f 1110//1110 1158//1158 1157//1157
f 1157//1157 1158//1158 1205//1205
f 1158//1158 1206//1206 1205//1205
f 1250//1250 1205//1205 1206//1206
f 1//1 7//7 6//6
f 6//6 7//7 54//54
f 7//7 55//55 54//54
f 54//54 55//55 102//102
f 55//55 103//103 102//102
f 102//102 103//103 150//150
f 103//103 151//151 150//150
f 150//150 151//151 198//198
f 151//151 199//199 198//198
f 198//198 199//199 246//246
f 199//199 247//247 246//246
f 246//246 247//247 294//294
f 247//247 295//295 294//294
f 294//294 295//295 342//342
f 295//295 343//343 342//342
f 342//342 343//343 390//390
f 343//343 391//391 390//390
f 390//390 391//391 438//438
f 391//391 439//439 438//438
f 438//438 439//439 486//486
f 439//439 487//487 486//486
f 486//486 487//487 534//534
f 487//487 535//535 534//534
f 534//534 535//535 582//582
f 535//535 583//583 582//582
f 582//582 583//583 630//630
f 583//583 631//631 630//630
f 630//630 631//631 678//678
f 631//631 679//679 678//678
f 678//678 679//679 726//726
f 679//679 727//727 726//726
f 726//726 727//727 774//774
f 727//727 775//775 774//774
f 774//774 775//775 822//822
f 775//775 823//823 822//822
f 822//822 823//823 870//870
f 823//823 871//871 870//870
f 870//870 871//871 918//918
f 871//871 919//919 918//918
f 918//918 919//919 966//966
f 919//919 967//967 966//966
f 966//966 967//967 1014//1014
f 967//967 1015//1015 1014//1014
f 1014//1014 1015//1015 1062//1062
f 1015//1015 1063//1063 1062//1062
f 1062//1062 1063//1063 1110//1110
f 1063//1063 1111//1111 1110//1110
f 1110//1110 1111//1111 1158//1158
f 1111//1111 1159//1159 1158//1158
f 1158//1158 1159//1159 1206//1206
f 1159//1159 1207//1207 1206//1206
f 1250//1250 1206//1206 1207//1207
f 1//1 8//8 7//7
f 7//7 8//8 55//55
f 8//8 56//56 55//55
f 55//55 56//56 103//103
f 56//56 104//104 103//103
f 103//103 104//104 151//151
f 104//104 152//152 151//151
f 151//151 152//152 199//199
f 152//152 200//200 199//199
f 199//199 200//200 247//247
f 200//200 248//248 247//247
f 247//247 248//248 295//295
f 248//248 296//296 295//295
f 295//295 296//296 343//343
f 296//296 344//344 343//343
f 343//343 344//344 391//391
f 344//344 392//392 391//391
f 391//391 392//392 439//439
f 392//392 440//440 439//439
f 439//439 440//440 487//487
f 440//440 488//488 487//487
f 487//487 488//488 535//535
f 488//488 536//536 535//535
f 535//535 536//536 583//583
f 536//536 584//584 583//583
f 583//583 584//584 631//631
f 584//584 632//632 631//631
f 631//631 632//632 679//679
f 632//632 680//680 679//679
f 679//679 680//680 727//727
f 680//680 728//728 727//727
f 727//727 728//728 775//775
f 728//728 776//776 775//775
f 775//775 776//776 823//823
f 776//776 824//824 823//823
f 823//823 824//824 871//871
f 824//824 872//872 871//871
f 871//871 872//872 919//919
f 872//872 920//920 919//919
f 919//919 920//920 967//967
f 920//920 968//968 967//967
f 967//967 968//968 1015//1015
f 968//968 1016//1016 1015//1015
f 1015//1015 1016//1016 1063//1063
f 1016//1016 1064//1064 1063//1063
f 1063//1063 1064//1064 1111//1111
f 1064//1064 1112//1112 1111//1111
f 1111//1111 1112//1112 1159//1159
f 1112//1112 1160//1160 1159//1159
f 1159//1159 1160//1160 1207//1207
f 1160//1160 1208//1208 1207//1207
f 1250//1250 1207//1207 1208//1208
f 1//1 9//9 8//8
f 8//8 9//9 56//56
f 9//9 57//57 56//56
f 56//56 57//57 104//104
f 57//57 105//105 104//104
f 104//104 105//105 152//152
f 105//105 153//153 152//152
f 152//152 153//153 200//200
f 153//153 201//201 200//200
f 200//200 201//201 248//248
f 201//201 249//249 248//248
f 248//248 249//249 296//296
f 249//249 297//297 296//296
f 296//296 297//297 344//344
f 297//297 345//345 344//344
f 344//344 345//345 392//392
f 345//345 393//393 392//392
f 392//392 393//393 440//440
f 393//393 441//441 440//440
f 440//440 441//441 488//488
f 441//441 489//489 488//488
f 488//488 489//489 536//536
f 489//489 537//537 536//536
f 536//536 537//537 584//584
f 537//537 585//585 584//584
f 584//584 585//585 632//632
f 585//585 633//633 632//632
f 632//632 633//633 680//680
f 633//633 681//681 680//680
f 680//680 681//681 728//728
f 681//681 729//729 728//728
f 728//728 729//729 776//776
f 729//729 777//777 776//776
f 776//776 777//777 824//824
f 777//777 825//825 824//824
f 824//824 825//825 872//872
f 825//825 873//873 872//872
f 872//872 873//873 920//920
f 873//873 921//921 920//920
f 920//920 921//921 968//968
f 921//921 969//969 968//968
f 968//968 969//969 1016//1016
f 969//969 1017//1017 1016//1016
f 1016//1016 1017//1017 1064//1064
f 1017//1017 1065//1065 1064//1064
f 1064//1064 1065//1065 1112//1112
f 1065//1065 1113//1113 1112//1112
f 1112//1112 1113//1113 1160//1160
f 1113//1113 1161//1161 1160//1160
f 1160//1160 1161//1161 1208//1208
f 1161//1161 1209//1209 1208//1208
f 1250//1250 1208//1208 1209//1209
f 1//1 10//10 9//9
f 9//9 10//10 57//57
f 10//10 58//58 57//57
f 57//57 58//58 105//105
f 58//58 106//106 105//105
f 105//105 106//106 153//153
f 106//106 154//154 153//153
f 153//153 154//154 201//201
f 154//154 202//202 201//201
f 201//201 202//202 249//249
f 202//202 250//250 249//249
f 249//249 250//250 297//297
f 250//250 298//298 297//297
f 297//297 298//298 345//345
f 298//298 346//346 345//345
f 345//345 346//346 393//393
f 346//346 394//394 393//393
f 393//393 394//394 441//441
f 394//394 442//442 441//441
f 441//441 442//442 489//489
f 442//442 490//490 489//489
f 489//489 490//490 537//537
f 490//490 538//538 537//537
f 537//537 538//538 585//585
f 538//538 586//586 585//585
f 585//585 586//586 633//633
f 586//586 634//634 633//633
f 633//633 634//634 681//681
f 634//634 682//682 681//681
f 681//681 682//682 729//729
f 682//682 730//730 729//729
f 729//729 730//730 777//777
f 730//730 778//778 777//777
f 777//777 778//778 825//825
f 778//778 826//826 825//825
f 825//825 826//826 873//873
f 826//826 874//874 873//873
f 873//873 874//874 921//921
f 874//874 922//922 921//921
f 921//921 922//922 969//969
f 922//922 970//970 969//969
f 969//969 970//970 1017//1017
f 970//970 1018//1018 1017//1017
f 1017//1017 1018//1018 1065//1065
f 1018//1018 1066//1066 1065//1065
f 1065//1065 1066//1066 1113//1113
f 1066//1066 1114//1114 1113//1113
f 1113//1113 1114//1114 1161//1161
f 1114//1114 1162//1162 1161//1161
f 1161//1161 1162//1162 1209//1209
f 1162//1162 1210//1210 1209//1209
f 1250//1250 1209//1209 1210//1210
f 1//1 11//11 10//10
f 10//10 11//11 58//58
f 11//11 59//59 58//58
f 58//58 59//59 106//106
f 59//59 107//107 106//106
f 106//106 107//107 154//154
f 107//107 155//155 154//154
f 154//154 155//155 202//202
f 155//155 203//203 202//202
f 202//202 203//203 250//250
f 203//203 251//251 250//250
f 250//250 251//251 298//298
f 251//251 299//299 298//298
f 298//298 299//299 346//346
f 299//299 347//347 346//346
f 346//346 347//347 394//394
f 347//347 395//395 394//394
f 394//394 395//395 442//442
f 395//395 443//443 442//442
f 442//442 443//443 490//490
f 443//443 491//491 490//490
f 490//490 491//491 538//538
f 491//491 539//539 538//538
f 538//538 539//539 586//586
f 539//539 587//587 586//586
f 586//586 587//587 634//634
f 587//587 635//635 634//634
f 634//634 635//635 682//682
f 635//635 683//683 682//682
f 682//682 683//683 730//730
f 683//683 731//731 730//730
f 730//730 731//731 778//778
f 731//731 779//779 778//778
f 778//778 779//779 826//826
f 779//779 827//827 826//826
f 826//826 827//827 874//874
f 827//827 875//875 874//874
f 874//874 875//875 922//922
f 875//875 923//923 922//922
f 922//922 923//923 970//970
f 923//923 971//971 970//970
f 970//970 971//971 1018//1018
f 971//971 1019//1019 1018//1018
f 1018//1018 1019//1019 1066//1066
f 1019//1019 1067//1067 1066//1066
f 1066//1066 1067//1067 1114//1114
f 1067//1067 1115//1115 1114//1114
f 1114//1114 1115//1115 1162//1162
f 1115//1115 1163//1163 1162//1162
f 1162//1162 1163//1163 1210//1210
f 1163//1163 1211//1211 1210//1210
f 1250//1250 1210//1210 1211//1211
f 1//1 12//12 11//11
f 11//11 12//12 59//59
f 12//12 60//60 59//59
f 59//59 60//60 107//107
f 60//60 108//108 107//107
f 107//107 108//108 155//155
f 108//108 156//156 155//155
f 155//155 156//156 203//203
f 156//156 204//204 203//203
f 203//203 204//204 251//251
f 204//204 252//252 251//251
f 251//251 252//252 299//299
f 252//252 300//300 299//299
f 299//299 300//300 347//347
f 300//300 348//348 347//347
f 347//347 348//348 395//395
f 348//348 396//396 395//395
f 395//395 396//396 443//443
f 396//396 444//444 443//443
f 443//443 444//444 491//491
f 444//444 492//492 491//491
f 491//491 492//492 539//539
f 492//492 540//540 539//539
f 539//539 540//540 587//587
f 540//540 588//588 587//587
f 587//587 588//588 635//635
f 588//588 636//636 635//635
f 635//635 636//636 683//683
f 636//636 684//684 683//683
f 683//683 684//684 731//731
f 684//684 732//732 731//731
f 731//731 732//732 779//779
f 732//732 780//780 779//779
f 779//779 780//780 827//827
f 780//780 828//828 827//827
f 827//827 828//828 875//875
f 828//828 876//876 875//875
f 875//875 876//876 923//923
f 876//876 924//924 923//923
f 923//923 924//924 971//971
f 924//924 972//972 971//971
f 971//971 972//972 1019//1019
f 972//972 1020//1020 1019//1019
f 1019//1019 1020//1020 1067//1067
f 1020//1020 1068//1068 1067//1067
f 1067//1067 1068//1068 1115//1115
f 1068//1068 1116//1116 1115//1115
f 1115//1115 1116//1116 1163//1163
f 1116//1116 1164//1164 1163//1163
f 1163//1163 1164//1164 1211//1211
f 1164//1164 1212//1212 1211//1211
f 1250//1250 1211//1211 1212//1212
f 1//1 13//13 12//12
f 12//12 13//13 60//60
f 13//13 61//61 60//60
f 60//60 61//61 108//108
f 61//61 109//109 108//108
f 108//108 109//109 156//156
f 109//109 157//157 156//156
f 156//156 157//157 204//204
f 157//157 205//205 204//204
f 204//204 205//205 252//252
f 205//205 253//253 252//252
f 252//252 253//253 300//300
f 253//253 301//301 300//300
f 300//300 301//301 348//348
f 301//301 349//349 348//348
f 348//348 349//349 396//396
f 349//349 397//397 396//396
f 396//396 397//397 444//444
f 397//397 445//445 444//444
f 444//444 445//445 492//492
f 445//445 493//493 492//492
f 492//492 493//493 540//540
f 493//493 541//541 540//540
f 540//540 541//541 588//588
f 541//541 589//589 588//588
f 588//588 589//589 636//636
f 589//589 637//637 636//636
f 636//636 637//637 684//684
f 637//637 685//685 684//684
f 684//684 685//685 732//732
f 685//685 733//733 732//732
f 732//732 733//733 780//780
f 733//733 781//781 780//780
f 780//780 781//781 828//828
f 781//781 829//829 828//828
f 828//828 829//829 876//876
f 829//829 877//877 876//876
f 876//876 877//877 924//924
f 877//877 925//925 924//924
f 924//924 925//925 972//972
f 925//925 973//973 972//972
f 972//972 973//973 1020//1020
f 973//973 1021//1021 1020//1020
f 1020//1020 1021//1021 1068//1068
f 1021//1021 1069//1069 1068//1068
f 1068//1068 1069//1069 1116//1116
f 1069//1069 1117//1117 1116//1116
f 1116//1116 1117//1117 1164//1164
f 1117//1117 1165//1165 1164//1164
f 1164//1164 1165//1165 1212//1212
f 1165//1165 1213//1213 1212//1212
f 1250//1250 1212//1212 1213//1213
f 1//1 14//14 13//13
f 13//13 14//14 61//61
f 14//14 62//62 61//61
f 61//61 62//62 109//109
f 62//62 110//110 109//109
f 109//109 110//110 157//157
f 110//110 158//158 157//157
f 157//157 158//158 205//205
f 158//158 206//206 205//205
f 205//205 206//206 253//253
f 206//206 254//254 253//253
f 253//253 254//254 301//301
f 254//254 302//302 301//301
f 301//301 302//302 349//349
f 302//302 350//350 349//349
f 349//349 350//350 397//397
f 350//350 398//398 397//397
f 397//397 398//398 445//445
f 398//398 446//446 445//445
f 445//445 446//446 493//493
f 446//446 494//494 493//493
f 493//493 494//494 541//541
f 494//494 542//542 541//541
f 541//541 542//542 589//589
f 542//542 590//590 589//589
f 589//589 590//590 637//637
f 590//590 638//638 637//637
f 637//637 638//638 685//685
f 638//638 686//686 685//685
f 685//685 686//686 733//733
f 686//686 734//734 733//733
f 733//733 734//734 781//781
f 734//734 782//782 781//781
f 781//781 782//782 829//829
f 782//782 830//830 829//829
f 829//829 830//830 877//877
f 830//830 878//878 877//877
f 877//877 878//878 925//925
f 878//878 926//926 925//925
f 925//925 926//926 973//973
f 926//926 974//974 973//973
f 973//973 974//974 1021//1021
f 974//974 1022//1022 1021//1021
f 1021//1021 1022//1022 1069//1069
f 1022//1022 1070//1070 1069//1069
f 1069//1069 1070//1070 1117//1117
f 1070//1070 1118//1118 1117//1117
f 1117//1117 1118//1118 1165//1165
f 1118//1118 1166//1166 1165//1165
f 1165//1165 1166//1166 1213//1213
f 1166//1166 1214//1214 1213//1213
f 1250//1250 1213//1213 1214//1214
f 1//1 15//15 14//14
f 14//14 15//15 62//62
f 15//15 63//63 62//62
f 62//62 63//63 110//110
f 63//63 111//111 110//110
f 110//110 111//111 158//158
f 111//111 159//159 158//158
f 158//158 159//159 206//206
f 159//159 207//207 206//206
f 206//206 207//207 254//254
f 207//207 255//255 254//254
f 254//254 255//255 302//302
f 255//255 303//303 302//302
f 302//302 303//303 350//350
f 303//303 351//351 350//350
f 350//350 351//351 398//398
f 351//351 399//399 398//398
f 398//398 399//399 446//446
f 399//399 447//447 446//446
f 446//446 447//447 494//494
f 447//447 495//495 494//494
f 494//494 495//495 542//542
f 495//495 543//543 542//542
f 542//542 543//543 590//590
f 543//543 591//591 590//590
f 590//590 591//591 638//638
f 591//591 639//639 638//638
f 638//638 639//639 686//686
f 639//639 687//687 686//686
f 686//686 687//687 734//734
f 687//687 735//735 734//734
f 734//734 735//735 782//782
f 735//735 783//783 782//782
f 782//782 783//783 830//830
f 783//783 831//831 830//830
f 830//830 831//831 878//878
f 831//831 879//879 878//878
f 878//878 879//879 926//926
f 879//879 927//927 926//926
f 926//926 927//927 974//974
f 927//927 975//975 974//974
f 974//974 975//975 1022//1022
f 975//975 1023//1023 1022//1022
f 1022//1022 1023//1023 1070//1070
f 1023//1023 1071//1071 1070//1070
f 1070//1070 1071//1071 1118//1118
f 1071//1071 1119//1119 1118//1118
f 1118//1118 1119//1119 1166//1166
f 1119//1119 1167//1167 1166//1166
f 1166//1166 1167//1167 1214//1214
f 1167//1167 1215//1215 1214//1214
f 1250//1250 1214//1214 1215//1215
f 1//1 16//16 15//15
f 15//15 16//16 63//63
f 16//16 64//64 63//63
f 63//63 64//64 111//111
f 64//64 112//112 111//111
f 111//111 112//112 159//159
f 112//112 160//160 159//159
f 159//159 160//160 207//207
f 160//160 208//208 207//207
f 207//207 208//208 255//255
f 208//208 256//256 255//255
f 255//255 256//256 303//303
f 256//256 304//304 303//303
f 303//303 304//304 351//351
f 304//304 352//352 351//351
f 351//351 352//352 399//399
f 352//352 400//400 399//399
f 399//399 400//400 447//447
f 400//400 448//448 447//447
f 447//447 448//448 495//495
f 448//448 496//496 495//495
f 495//495 496//496 543//543
f 496//496 544//544 543//543
f 543//543 544//544 591//591
f 544//544 592//592 591//591
f 591//591 592//592 639//639
f 592//592 640//640 639//639
f 639//639 640//640 687//687
f 640//640 688//688 687//687
f 687//687 688//688 735//735
f 688//688 736//736 735//735
f 735//735 736//736 783//783
f 736//736 784//784 783//783
f 783//783 784//784 831//831
f 784//784 832//832 831//831
f 831//831 832//832 879//879
f 832//832 880//880 879//879
f 879//879 880//880 927//927
f 880//880 928//928 927//927
f 927//927 928//928 975//975
f 928//928 976//976 975//975
f 975//975 976//976 1023//1023
f 976//976 1024//1024 1023//1023
f 1023//1023 1024//1024 1071//1071
f 1024//1024 1072//1072 1071//1071
f 1071//1071 1072//1072 1119//1119
f 1072//1072 1120//1120 1119//1119
f 1119//1119 1120//1120 1167//1167
f 1120//1120 1168//1168 1167//1167
f 1167//1167 1168//1168 1215//1215
f 1168//1168 1216//1216 1215//1215
f 1250//1250 1215//1215 1216//1216
f 1//1 17//17 16//16
f 16//16 17//17 64//64
f 17//17 65//65 64//64
f 64//64 65//65 112//112
f 65//65 113//113 112//112
f 112//112 113//113 160//160
f 113//113 161//161 160//160
f 160//160 161//161 208//208
f 161//161 209//209 208//208
f 208//208 209//209 256//256
f 209//209 257//257 256//256
f 256//256 257//257 304//304
f 257//257 305//305 304//304
f 304//304 305//305 352//352
f 305//305 353//353 352//352
f 352//352 353//353 400//400
f 353//353 401//401 400//400
f 400//400 401//401 448//448
f 401//401 449//449 448//448
f 448//448 449//449 496//496
f 449//449 497//497 496//496
f 496//496 497//497 544//544
f 497//497 545//545 544//544
f 544//544 545//545 592//592
f 545//545 593//593 592//592
f 592//592 593//593 640//640
f 593//593 641//641 640//640
f 640//640 641//641 688//688
f 641//641 689//689 688//688
f 688//688 689//689 736//736
f 689//689 737//737 736//736
f 736//736 737//737 784//784
f 737//737 785//785 784//784
f 784//784 785//785 832//832
f 785//785 833//833 832//832
f 832//832 833//833 880//880
f 833//833 881//881 880//880
f 880//880 881//881 928//928
f 881//881 929//929 928//928
f 928//928 929//929 976//976
f 929//929 977//977 976//976
f 976//976 977//977 1024//1024
f 977//977 1025//1025 1024//1024
f 1024//1024 1025//1025 1072//1072
f 1025//1025 1073//1073 1072//1072
f 1072//1072 1073//1073 1120//1120
f 1073//1073 1121//1121 1120//1120
f 1120//1120 1121//1121 1168//1168
f 1121//1121 1169//1169 1168//1168
f 1168//1168 1169//1169 1216//1216
f 1169//1169 1217//1217 1216//1216
f 1250//1250 1216//1216 1217//1217
f 1//1 18//18 17//17
f 17//17 18//18 65//65
f 18//18 66//66 65//65
f 65//65 66//66 113//113
f 66//66 114//114 113//113
f 113//113 114//114 161//161
f 114//114 162//162 161//161
f 161//161 162//162 209//209
f 162//162 210//210 209//209
f 209//209 210//210 257//257
f 210//210 258//258 257//257
f 257//257 258//258 305//305
f 258//258 306//306 305//305
f 305//305 306//306 353//353
f 306//306 354//354 353//353
f 353//353 354//354 401//401
f 354//354 402//402 401//401
f 401//401 402//402 449//449
f 402//402 450//450 449//449
f 449//449 450//450 497//497
f 450//450 498//498 497//497
f 497//497 498//498 545//545
f 498//498 546//546 545//545
f 545//545 546//546 593//593
f 546//546 594//594 593//593
f 593//593 594//594 641//641
f 594//594 642//642 641//641
f 641//641 642//642 689//689
f 642//642 690//690 689//689
f 689//689 690//690 737//737
f 690//690 738//738 737//737
f 737//737 738//738 785//785
f 738//738 786//786 785//785
f 785//785 786//786 833//833
f 786//786 834//834 833//833
f 833//833 834//834 881//881
f 834//834 882//882 881//881
f 881//881 882//882 929//929
f 882//882 930//930 929//929
f 929//929 930//930 977//977
f 930//930 978//978 977//977
f 977//977 978//978 1025//1025
f 978//978 1026//1026 1025//1025
f 1025//1025 1026//1026 1073//1073
f 1026//1026 1074//1074 1073//1073
f 1073//1073 1074//1074 1121//1121
f 1074//1074 1122//1122 1121//1121
f 1121//1121 1122//1122 1169//1169
f 1122//1122 1170//1170 1169//1169
f 1169//1169 1170//1170 1217//1217
f 1170//1170 1218//1218 1217//1217
f 1250//1250 1217//1217 1218//1218
f 1//1 19//19 18//18
f 18//18 19//19 66//66
f 19//19 67//67 66//66
f 66//66 67//67 114//114
f 67//67 115//115 114//114
f 114//114 115//115 162//162
f 115//115 163//163 162//162
f 162//162 163//163 210//210
f 163//163 211//211 210//210
f 210//210 211//211 258//258
f 211//211 259//259 258//258
f 258//258 259//259 306//306
f 259//259 307//307 306//306
f 306//306 307//307 354//354
f 307//307 355//355 354//354
f 354//354 355//355 402//402
f 355//355 403//403 402//402
f 402//402 403//403 450//450
f 403//403 451//451 450//450
f 450//450 451//451 498//498
f 451//451 499//499 498//498
f 498//498 499//499 546//546
f 499//499 547//547 546//546
f 546//546 547//547 594//594
f 547//547 595//595 594//594
f 594//594 595//595 642//642
f 595//595 643//643 642//642
f 642//642 643//643 690//690
f 643//643 691//691 690//690
f 690//690 691//691 738//738
f 691//691 739//739 738//738
f 738//738 739//739 786//786
f 739//739 787//787 786//786
f 786//786 787//787 834//834
f 787//787 835//835 834//834
f 834//834 835//835 882//882
f 835//835 883//883 882//882
f 882//882 883//883 930//930
f 883//883 931//931 930//930
f 930//930 931//931 978//978
f 931//931 979//979 978//978
f 978//978 979//979 1026//1026
f 979//979 1027//1027 1026//1026
f 1026//1026 1027//1027 1074//1074
f 1027//1027 1075//1075 1074//1074
f 1074//1074 1075//1075 1122//1122
f 1075//1075 1123//1123 1122//1122
f 1122//1122 1123//1123 1170//1170
f 1123//1123 1171//1171 1170//1170
f 1170//1170 1171//1171 1218//1218
f 1171//1171 1219//1219 1218//1218
f 1250//1250 1218//1218 1219//1219
f 1//1 20//20 19//19
f 19//19 20//20 67//67
f 20//20 68//68 67//67
f 67//67 68//68 115//115
f 68//68 116//116 115//115
f 115//115 116//116 163//163
f 116//116 164//164 163//163
f 163//163 164//164 211//211
f 164//164 212//212 211//211
f 211//211 212//212 259//259
f 212//212 260//260 259//259
f 259//259 260//260 307//307
f 260//260 308//308 307//307
f 307//307 308//308 355//355
f 308//308 356//356 355//355
f 355//355 356//356 403//403
f 356//356 404//404 403//403
f 403//403 404//404 451//451
f 404//404 452//452 451//451
f 451//451 452//452 499//499
f 452//452 500//500 499//499
f 499//499 500//500 547//547
f 500//500 548//548 547//547
f 547//547 548//548 595//595
f 548//548 596//596 595//595
f 595//595 596//596 643//643
f 596//596 644//644 643//643
f 643//643 644//644 691//691
f 644//644 692//692 691//691
f 691//691 692//692 739//739
f 692//692 740//740 739//739
f 739//739 740//740 787//787
f 740//740 788//788 787//787
f 787//787 788//788 835//835
f 788//788 836//836 835//835
f 835//835 836//836 883//883
f 836//836 884//884 883//883
f 883//883 884//884 931//931
f 884//884 932//932 931//931
f 931//931 932//932 979//979
f 932//932 980//980 979//979
f 979//979 980//980 1027//1027
f 980//980 1028//1028 1027//1027
f 1027//1027 1028//1028 1075//1075
f 1028//1028 1076//1076 1075//1075
f 1075//1075 1076//1076 1123//1123
f 1076//1076 1124//1124 1123//1123
f 1123//1123 1124//1124 1171//1171
f 1124//1124 1172//1172 1171//1171
f 1171//1171 1172//1172 1219//1219
f 1172//1172 1220//1220 1219//1219
f 1250//1250 1219//1219 1220//1220
f 1//1 21//21 20//20
f 20//20 21//21 68//68
f 21//21 69//69 68//68
f 68//68 69//69 116//116
f 69//69 117//117 116//116
f 116//116 117//117 164//164
f 117//117 165//165 164//164
f 164//164 165//165 212//212
f 165//165 213//213 212//212
f 212//212 213//213 260//260
f 213//213 261//261 260//260
f 260//260 261//261 308//308
f 261//261 309//309 308//308
f 308//308 309//309 356//356
f 309//309 357//357 356//356
f 356//356 357//357 404//404
f 357//357 405//405 404//404
f 404//404 405//405 452//452
f 405//405 453//453 452//452
f 452//452 453//453 500//500
f 453//453 501//501 500//500
f 500//500 501//501 548//548
f 501//501 549//549 548//548
f 548//548 549//549 596//596
f 549//549 597//597 596//596
f 596//596 597//597 644//644
f 597//597 645//645 644//644
f 644//644 645//645 692//692
f 645//645 693//693 692//692
f 692//692 693//693 740//740
f 693//693 741//741 740//740
f 740//740 741//741 788//788
f 741//741 789//789 788//788
f 788//788 789//789 836//836
f 789//789 837//837 836//836
f 836//836 837//837 884//884
f 837//837 885//885 884//884
f 884//884 885//885 932//932
f 885//885 933//933 932//932
f 932//932 933//933 980//980
f 933//933 981//981 980//980
f 980//980 981//981 1028//1028
f 981//981 1029//1029 1028//1028
f 1028//1028 1029//1029 1076//1076
f 1029//1029 1077//1077 1076//1076
f 1076//1076 1077//1077 1124//1124
f 1077//1077 1125//1125 1124//1124
f 1124//1124 1125//1125 1172//1172
f 1125//1125 1173//1173 1172//1172
f 1172//1172 1173//1173 1220//1220
f 1173//1173 1221//1221 1220//1220
f 1250//1250 1220//1220 1221//1221
f 1//1 22//22 21//21
f 21//21 22//22 69//69
f 22//22 70//70 69//69
f 69//69 70//70 117//117
f 70//70 118//118 117//117
f 117//117 118//118 165//165
f 118//118 166//166 165//165
f 165//165 166//166 213//213
f 166//166 214//214 213//213
f 213//213 214//214 261//261
f 214//214 262//262 261//261
f 261//261 262//262 309//309
f 262//262 310//310 309//309
f 309//309 310//310 357//357
f 310//310 358//358 357//357
f 357//357 358//358 405//405
f 358//358 406//406 405//405
f 405//405 406//406 453//453
f 406//406 454//454 453//453
f 453//453 454//454 501//501
f 454//454 502//502 501//501
f 501//501 502//502 549//549
f 502//502 550//550 549//549
f 549//549 550//550 597//597
f 550//550 598//598 597//597
f 597//597 598//598 645//645
f 598//598 646//646 645//645
f 645//645 646//646 693//693
f 646//646 694//694 693//693
f 693//693 694//694 741//741
f 694//694 742//742 741//741
f 741//741 742//742 789//789
f 742//742 790//790 789//789
f 789//789 790//790 837//837
f 790//790 838//838 837//837
f 837//837 838//838 885//885
f 838//838 886//886 885//885
f 885//885 886//886 933//933
f 886//886 934//934 933//933
f 933//933 934//934 981//981
f 934//934 982//982 981//981
f 981//981 982//982 1029//1029
f 982//982 1030//1030 1029//1029
f 1029//1029 1030//1030 1077//1077
f 1030//1030 1078//1078 1077//1077
f 1077//1077 1078//1078 1125//1125
f 1078//1078 1126//1126 1125//1125
f 1125//1125 1126//1126 1173//1173
f 1126//1126 1174//1174 1173//1173
f 1173//1173 1174//1174 1221//1221
f 1174//1174 1222//1222 1221//1221
f 1250//1250 1221//1221 1222//1222
f 1//1 23//23 22//22
f 22//22 23//23 70//70
f 23//23 71//71 70//70
f 70//70 71//71 118//118
f 71//71 119//119 118//118
f 118//118 119//119 166//166
f 119//119 167//167 166//166
f 166//166 167//167 214//214
f 167//167 215//215 214//214
f 214//214 215//215 262//262
f 215//215 263//263 262//262
f 262//262 263//263 310//310
f 263//263 311//311 310//310
f 310//310 311//311 358//358
f 311//311 359//359 358//358
f 358//358 359//359 406//406
f 359//359 407//407 406//406
f 406//406 407//407 454//454
f 407//407 455//455 454//454
f 454//454 455//455 502//502
f 455//455 503//503 502//502
f 502//502 503//503 550//550
f 503//503 551//551 550//550
f 550//550 551//551 598//598
f 551//551 599//599 598//598
f 598//598 599//599 646//646
f 599//599 647//647 646//646
f 646//646 647//647 694//694
f 647//647 695//695 694//694
f 694//694 695//695 742//742
f 695//695 743//743 742//742
f 742//742 743//743 790//790
f 743//743 791//791 790//790
f 790//790 791//791 838//838
f 791//791 839//839 838//838
f 838//838 839//839 886//886
f 839//839 887//887 886//886
f 886//886 887//887 934//934
f 887//887 935//935 934//934
f 934//934 935//935 982//982
f 935//935 983//983 982//982
f 982//982 983//983 1030//1030
f 983//983 1031//1031 1030//1030
f 1030//1030 1031//1031 1078//1078
f 1031//1031 1079//1079 1078//1078
f 1078//1078 1079//1079 1126//1126
f 1079//1079 1127//1127 1126//1126
f 1126//1126 1127//1127 1174//1174
f 1127//1127 1175//1175 1174//1174
f 1174//1174 1175//1175 1222//1222
f 1175//1175 1223//1223 1222//1222
f 1250//1250 1222//1222 1223//1223
f 1//1 24//24 23//23
f 23//23 24//24 71//71
f 24//24 72//72 71//71
f 71//71 72//72 119//119
f 72//72 120//120 119//119
f 119//119 120//120 167//167
f 120//120 168//168 167//167
f 167//167 168//168 215//215
f 168//168 216//216 215//215
f 215//215 216//216 263//263
f 216//216 264//264 263//263
f 263//263 264//264 311//311
f 264//264 312//312 311//311
f 311//311 312//312 359//359
f 312//312 360//360 359//359
f 359//359 360//360 407//407
f 360//360 408//408 407//407
f 407//407 408//408 455//455
f 408//408 456//456 455//455
f 455//455 456//456 503//503
f 456//456 504//504 503//503
f 503//503 504//504 551//551
f 504//504 552//552 551//551
f 551//551 552//552 599//599
f 552//552 600//600 599//599
f 599//599 600//600 647//647
f 600//600 648//648 647//647
f 647//647 648//648 695//695
f 648//648 696//696 695//695
f 695//695 696//696 743//743
f 696//696 744//744 743//743
f 743//743 744//744 791//791
f 744//744 792//792 791//791
f 791//791 792//792 839//839
f 792//792 840//840 839//839
f 839//839 840//840 887//887
f 840//840 888//888 887//887
f 887//887 888//888 935//935
f 888//888 936//936 935//935
f 935//935 936//936 983//983
f 936//936 984//984 983//983
f 983//983 984//984 1031//1031
f 984//984 1032//1032 1031//1031
f 1031//1031 1032//1032 1079//1079
f 1032//1032 1080//1080 1079//1079
f 1079//1079 1080//1080 1127//1127
f 1080//1080 1128//1128 1127//1127
f 1127//1127 1128//1128 1175//1175
f 1128//1128 1176//1176 1175//1175
f 1175//1175 1176//1176 1223//1223
f 1176//1176 1224//1224 1223//1223
f 1250//1250 1223//1223 1224//1224
f 1//1 25//25 24//24
f 24//24 25//25 72//72
f 25//25 73//73 72//72
f 72//72 73//73 120//120
f 73//73 121//121 120//120
f 120//120 121//121 168//168
f 121//121 169//169 168//168
f 168//168 169//169 216//216
f 169//169 217//217 216//216
f 216//216 217//217 264//264
f 217//217 265//265 264//264
f 264//264 265//265 312//312
f 265//265 313//313 312//312
f 312//312 313//313 360//360
f 313//313 361//361 360//360
f 360//360 361//361 408//408
f 361//361 409//409 408//408
f 408//408 409//409 456//456
f 409//409 457//457 456//456
f 456//456 457//457 504//504
f 457//457 505//505 504//504
f 504//504 505//505 552//552
f 505//505 553//553 552//552
f 552//552 553//553 600//600
f 553//553 601//601 600//600
f 600//600 601//601 648//648
f 601//601 649//649 648//648
f 648//648 649//649 696//696
f 649//649 697//697 696//696
f 696//696 697//697 744//744
f 697//697 745//745 744//744
f 744//744 745//745 792//792
f 745//745 793//793 792//792
f 792//792 793//793 840//840
f 793//793 841//841 840//840
f 840//840 841//841 888//888
f 841//841 889//889 888//888
f 888//888 889//889 936//936
f 889//889 937//937 936//936
f 936//936 937//937 984//984
f 937//937 985//985 984//984
f 984//984 985//985 1032//1032
f 985//985 1033//1033 1032//1032
f 1032//1032 1033//1033 1080//1080
f 1033//1033 1081//1081 1080//1080
f 1080//1080 1081//1081 1128//1128
f 1081//1081 1129//1129 1128//1128
f 1128//1128 1129//1129 1176//1176
f 1129//1129 1177//1177 1176//1176
f 1176//1176 1177//1177 1224//1224
f 1177//1177 1225//1225 1224//1224
f 1250//1250 1224//1224 1225//1225
f 1//1 26//26 25//25
f 25//25 26//26 73//73
f 26//26 74//74 73//73
f 73//73 74//74 121//121
f 74//74 122//122 121//121
f 121//121 122//122 169//169
f 122//122 170//170 169//169
f 169//169 170//170 217//217
f 170//170 218//218 217//217
f 217//217 218//218 265//265
f 218//218 266//266 265//265
f 265//265 266//266 313//313
f 266//266 314//314 313//313
f 313//313 314//314 361//361
f 314//314 362//362 361//361
f 361//361 362//362 409//409
f 362//362 410//410 409//409
f 409//409 410//410 457//457
f 410//410 458//458 457//457
f 457//457 458//458 505//505
f 458//458 506//506 505//505
f 505//505 506//506 553//553
f 506//506 554//554 553//553
f 553//553 554//554 601//601
f 554//554 602//602 601//601
f 601//601 602//602 649//649
f 602//602 650//650 649//649
f 649//649 650//650 697//697
f 650//650 698//698 697//697
f 697//697 698//698 745//745
f 698//698 746//746 745//745
f 745//745 746//746 793//793
f 746//746 794//794 793//793
f 793//793 794//794 841//841
f 794//794 842//842 841//841
f 841//841 842//842 889//889
f 842//842 890//890 889//889
f 889//889 890//890 937//937
f 890//890 938//938 937//937
f 937//937 938//938 985//985
f 938//938 986//986 985//985
f 985//985 986//986 1033//1033
f 986//986 1034//1034 1033//1033
f 1033//1033 1034//1034 1081//1081
f 1034//1034 1082//1082 1081//1081
f 1081//1081 1082//1082 1129//1129
f 1082//1082 1130//1130 1129//1129
f 1129//1129 1130//1130 1177//1177
f 1130//1130 1178//1178 1177//1177
f 1177//1177 1178//1178 1225//1225
f 1178//1178 1226//1226 1225//1225
f 1250//1250 1225//1225 1226//1226
f 1//1 27//27 26//26
f 26//26 27//27 74//74
f 27//27 75//75 74//74
f 74//74 75//75 122//122
f 75//75 123//123 122//122
f 122//122 123//123 170//170
f 123//123 171//171 170//170
f 170//170 171//171 218//218
f 171//171 219//219 218//218
f 218//218 219//219 266//266
f 219//219 267//267 266//266
f 266//266 267//267 314//314
f 267//267 315//315 314//314
f 314//314 315//315 362//362
f 315//315 363//363 362//362
f 362//362 363//363 410//410
f 363//363 411//411 410//410
f 410//410 411//411 458//458
f 411//411 459//459 458//458
f 458//458 459//459 506//506
f 459//459 507//507 506//506
f 506//506 507//507 554//554
f 507//507 555//555 554//554
f 554//554 555//555 602//602
f 555//555 603//603 602//602
f 602//602 603//603 650//650
f 603//603 651//651 650//650
f 650//650 651//651 698//698
f 651//651 699//699 698//698
f 698//698 699//699 746//746
f 699//699 747//747 746//746
f 746//746 747//747 794//794
f 747//747 795//795 794//794
f 794//794 795//795 842//842
f 795//795 843//843 842//842
f 842//842 843//843 890//890
f 843//843 891//891 890//890
f 890//890 891//891 938//938
f 891//891 939//939 938//938
f 938//938 939//939 986//986
f 939//939 987//987 986//986
f 986//986 987//987 1034//1034
f 987//987 1035//1035 1034//1034
f 1034//1034 1035//1035 1082//1082
f 1035//1035 1083//1083 1082//1082
f 1082//1082 1083//1083 1130//1130
f 1083//1083 1131//1131 1130//1130
f 1130//1130 1131//1131 1178//1178
f 1131//1131 1179//1179 1178//1178
f 1178//1178 1179//1179 1226//1226
f 1179//1179 1227//1227 1226//1226
f 1250//1250 1226//1226 1227//1227
f 1//1 28//28 27//27
f 27//27 28//28 75//75
f 28//28 76//76 75//75
f 75//75 76//76 123//123
f 76//76 124//124 123//123
f 123//123 124//124 171//171
f 124//124 172//172 171//171
f 171//171 172//172 219//219
f 172//172 220//220 219//219
f 219//219 220//220 267//267
f 220//220 268//268 267//267
f 267//267 268//268 315//315
f 268//268 316//316 315//315
f 315//315 316//316 363//363
f 316//316 364//364 363//363
f 363//363 364//364 411//411
f 364//364 412//412 411//411
f 411//411 412//412 459//459
f 412//412 460//460 459//459
f 459//459 460//460 507//507
f 460//460 508//508 507//507
f 507//507 508//508 555//555
f 508//508 556//556 555//555
f 555//555 556//556 603//603
f 556//556 604//604 603//603
f 603//603 604//604 651//651
f 604//604 652//652 651//651
f 651//651 652//652 699//699
f 652//652 700//700 699//699
f 699//699 700//700 747//747
f 700//700 748//748 747//747
f 747//747 748//748 795//795
f 748//748 796//796 795//795
f 795//795 796//796 843//843
f 796//796 844//844 843//843
f 843//843 844//844 891//891
f 844//844 892//892 891//891
f 891//891 892//892 939//939
f 892//892 940//940 939//939
f 939//939 940//940 987//987
f 940//940 988//988 987//987
f 987//987 988//988 1035//1035
f 988//988 1036//1036 1035//1035
f 1035//1035 1036//1036 1083//1083
f 1036//1036 1084//1084 1083//1083
f 1083//1083 1084//1084 1131//1131
f 1084//1084 1132//1132 1131//1131
f 1131//1131 1132//1132 1179//1179
f 1132//1132 1180//1180 1179//1179
f 1179//1179 1180//1180 1227//1227
f 1180//1180 1228//1228 1227//1227
f 1250//1250 1227//1227 1228//1228
f 1//1 29//29 28//28
f 28//28 29//29 76//76
f 29//29 77//77 76//76
f 76//76 77//77 124//124
f 77//77 125//125 124//124
f 124//124 125//125 172//172
f 125//125 173//173 172//172
f 172//172 173//173 220//220
f 173//173 221//221 220//220
f 220//220 221//221 268//268
f 221//221 269//269 268//268
f 268//268 269//269 316//316
f 269//269 317//317 316//316
f 316//316 317//317 364//364
f 317//317 365//365 364//364
f 364//364 365//365 412//412
f 365//365 413//413 412//412
f 412//412 413//413 460//460
f 413//413 461//461 460//460
f 460//460 461//461 508//508
f 461//461 509//509 508//508
f 508//508 509//509 556//556
f 509//509 557//557 556//556
f 556//556 557//557 604//604
f 557//557 605//605 604//604
f 604//604 605//605 652//652
f 605//605 653//653 652//652
f 652//652 653//653 700//700
f 653//653 701//701 700//700
f 700//700 701//701 748//748
f 701//701 749//749 748//748
f 748//748 749//749 796//796
f 749//749 797//797 796//796
f 796//796 797//797 844//844
f 797//797 845//845 844//844
f 844//844 845//845 892//892
f 845//845 893//893 892//892
f 892//892 893//893 940//940
f 893//893 941//941 940//940
f 940//940 941//941 988//988
f 941//941 989//989 988//988
f 988//988 989//989 1036//1036
f 989//989 1037//1037 1036//1036
f 1036//1036 1037//1037 1084//1084
f 1037//1037 1085//1085 1084//1084
f 1084//1084 1085//1085 1132//1132
f 1085//1085 1133//1133 1132//1132
f 1132//1132 1133//1133 1180//1180
f 1133//1133 1181//1181 1180//1180
f 1180//1180 1181//1181 1228//1228
f 1181//1181 1229//1229 1228//1228
f 1250//1250 1228//1228 1229//1229
f 1//1 30//30 29//29
f 29//29 30//30 77//77
f 30//30 78//78 77//77
f 77//77 78//78 125//125
f 78//78 126//126 125//125
f 125//125 126//126 173//173
f 126//126 174//174 173//173
f 173//173 174//174 221//221
f 174//174 222//222 221//221
f 221//221 222//222 269//269
f 222//222 270//270 269//269
f 269//269 270//270 317//317
f 270//270 318//318 317//317
f 317//317 318//318 365//365
f 318//318 366//366 365//365
f 365//365 366//366 413//413
f 366//366 414//414 413//413
f 413//413 414//414 461//461
f 414//414 462//462 461//461
f 461//461 462//462 509//509
f 462//462 510//510 509//509
f 509//509 510//510 557//557
f 510//510 558//558 557//557
f 557//557 558//558 605//605
f 558//558 606//606 605//605
f 605//605 606//606 653//653
f 606//606 654//654 653//653
f 653//653 654//654 701//701
f 654//654 702//702 701//701
f 701//701 702//702 749//749
f 702//702 750//750 749//749
f 749//749 750//750 797//797
f 750//750 798//798 797//797
f 797//797 798//798 845//845
f 798//798 846//846 845//845
f 845//845 846//846 893//893
f 846//846 894//894 893//893
f 893//893 894//894 941//941
f 894//894 942//942 941//941
f 941//941 942//942 989//989
f 942//942 990//990 989//989
f 989//989 990//990 1037//1037
f 990//990 1038//1038 1037//1037
f 1037//1037 1038//1038 1085//1085
f 1038//1038 1086//1086 1085//1085
f 1085//1085 1086//1086 1133//1133
f 1086//1086 1134//1134 1133//1133
f 1133//1133 1134//1134 1181//1181
f 1134//1134 1182//1182 1181//1181
f 1181//1181 1182//1182 1229//1229
f 1182//1182 1230//1230 1229//1229
f 1250//1250 1229//1229 1230//1230
f 1//1 31//31 30//30
f 30//30 31//31 78//78
f 31//31 79//79 78//78
f 78//78 79//79 126//126
f 79//79 127//127 126//126
f 126//126 127//127 174//174
f 127//127 175//175 174//174
f 174//174 175//175 222//222
f 175//175 223//223 222//222
f 222//222 223//223 270//270
f 223//223 271//271 270//270
f 270//270 271//271 318//318
f 271//271 319//319 318//318
f 318//318 319//319 366//366
f 319//319 367//367 366//366
f 366//366 367//367 414//414
f 367//367 415//415 414//414
f 414//414 415//415 462//462
f 415//415 463//463 462//462
f 462//462 463//463 510//510
f 463//463 511//511 510//510
f 510//510 511//511 558//558
f 511//511 559//559 558//558
f 558//558 559//559 606//606
f 559//559 607//607 606//606
f 606//606 607//607 654//654
f 607//607 655//655 654//654
f 654//654 655//655 702//702
f 655//655 703//703 702//702
f 702//702 703//703 750//750
f 703//703 751//751 750//750
f 750//750 751//751 798//798
f 751//751 799//799 798//798
f 798//798 799//799 846//846
f 799//799 847//847 846//846
f 846//846 847//847 894//894
f 847//847 895//895 894//894
f 894//894 895//895 942//942
f 895//895 943//943 942//942
f 942//942 943//943 990//990
f 943//943 991//991 990//990
f 990//990 991//991 1038//1038
f 991//991 1039//1039 1038//1038
f 1038//1038 1039//1039 1086//1086
f 1039//1039 1087//1087 1086//1086
f 1086//1086 1087//1087 1134//1134
f 1087//1087 1135//1135 1134//1134
f 1134//1134 1135//1135 1182//1182
f 1135//1135 1183//1183 1182//1182
f 1182//1182 1183//1183 1230//1230
f 1183//1183 1231//1231 1230//1230
f 1250//1250 1230//1230 1231//1231
f 1//1 32//32 31//31
f 31//31 32//32 79//79
f 32//32 80//80 79//79
f 79//79 80//80 127//127
f 80//80 128//128 127//127
f 127//127 128//128 175//175
f 128//128 176//176 175//175
f 175//175 176//176 223//223
f 176//176 224//224 223//223
f 223//223 224//224 271//271
f 224//224 272//272 271//271
f 271//271 272//272 319//319
f 272//272 320//320 319//319
f 319//319 320//320 367//367
f 320//320 368//368 367//367
f 367//367 368//368 415//415
f 368//368 416//416 415//415
f 415//415 416//416 463//463
f 416//416 464//464 463//463
f 463//463 464//464 511//511
f 464//464 512//512 511//511
f 511//511 512//512 559//559
f 512//512 560//560 559//559
f 559//559 560//560 607//607
f 560//560 608//608 607//607
f 607//607 608//608 655//655
f 608//608 656//656 655//655
f 655//655 656//656 703//703
f 656//656 704//704 703//703
f 703//703 704//704 751//751
f 704//704 752//752 751//751
f 751//751 752//752 799//799
f 752//752 800//800 799//799
f 799//799 800//800 847//847
f 800//800 848//848 847//847
f 847//847 848//848 895//895
f 848//848 896//896 895//895
f 895//895 896//896 943//943
f 896//896 944//944 943//943
f 943//943 944//944 991//991
f 944//944 992//992 991//991
f 991//991 992//992 1039//1039
f 992//992 1040//1040 1039//1039
f 1039//1039 1040//1040 1087//1087
f 1040//1040 1088//1088 1087//1087
f 1087//1087 1088//1088 1135//1135
f 1088//1088 1136//1136 1135//1135
f 1135//1135 1136//1136 1183//1183
f 1136//1136 1184//1184 1183//1183
f 1183//1183 1184//1184 1231//1231
f 1184//1184 1232//1232 1231//1231
f 1250//1250 1231//1231 1232//1232
f 1//1 33//33 32//32
f 32//32 33//33 80//80
f 33//33 81//81 80//80
f 80//80 81//81 128//128
f 81//81 129//129 128//128
f 128//128 129//129 176//176
f 129//129 177//177 176//176
f 176//176 177//177 224//224
f 177//177 225//225 224//224
f 224//224 225//225 272//272
f 225//225 273//273 272//272
f 272//272 273//273 320//320
f 273//273 321//321 320//320
f 320//320 321//321 368//368
f 321//321 369//369 368//368
f 368//368 369//369 416//416
f 369//369 417//417 416//416
f 416//416 417//417 464//464
f 417//417 465//465 464//464
f 464//464 465//465 512//512
f 465//465 513//513 512//512
f 512//512 513//513 560//560
f 513//513 561//561 560//560
f 560//560 561//561 608//608
f 561//561 609//609 608//608
f 608//608 609//609 656//656
f 609//609 657//657 656//656
f 656//656 657//657 704//704
f 657//657 705//705 704//704
f 704//704 705//705 752//752
f 705//705 753//753 752//752
f 752//752 753//753 800//800
f 753//753 801//801 800//800
f 800//800 801//801 848//848
f 801//801 849//849 848//848
f 848//848 849//849 896//896
f 849//849 897//897 896//896
f 896//896 897//897 944//944
f 897//897 945//945 944//944
f 944//944 945//945 992//992
f 945//945 993//993 992//992
f 992//992 993//993 1040//1040
f 993//993 1041//1041 1040//1040
f 1040//1040 1041//1041 1088//1088
f 1041//1041 1089//1089 1088//1088
f 1088//1088 1089//1089 1136//1136
f 1089//1089 1137//1137 1136//1136
f 1136//1136 1137//1137 1184//1184
f 1137//1137 1185//1185 1184//1184
f 1184//1184 1185//1185 1232//1232
f 1185//1185 1233//1233 1232//1232
f 1250//1250 1232//1232 1233//1233
f 1//1 34//34 33//33
f 33//33 34//34 81//81
f 34//34 82//82 81//81
f 81//81 82//82 129//129
f 82//82 130//130 129//129
f 129//129 130//130 177//177
f 130//130 178//178 177//177
f 177//177 178//178 225//225
f 178//178 226//226 225//225
f 225//225 226//226 273//273
f 226//226 274//274 273//273
f 273//273 274//274 321//321
f 274//274 322//322 321//321
f 321//321 322//322 369//369
f 322//322 370//370 369//369
f 369//369 370//370 417//417
f 370//370 418//418 417//417
f 417//417 418//418 465//465
f 418//418 466//466 465//465
f 465//465 466//466 513//513
f 466//466 514//514 513//513
f 513//513 514//514 561//561
f 514//514 562//562 561//561
f 561//561 562//562 609//609
f 562//562 610//610 609//609
f 609//609 610//610 657//657
f 610//610 658//658 657//657
f 657//657 658//658 705//705
f 658//658 706//706 705//705
f 705//705 706//706 753//753
f 706//706 754//754 753//753
f 753//753 754//754 801//801
f 754//754 802//802 801//801
f 801//801 802//802 849//849
f 802//802 850//850 849//849
f 849//849 850//850 897//897
f 850//850 898//898 897//897
f 897//897 898//898 945//945
f 898//898 946//946 945//945
f 945//945 946//946 993//993
f 946//946 994//994 993//993
f 993//993 994//994 1041//1041
f 994//994 1042//1042 1041//1041
f 1041//1041 1042//1042 1089//1089
f 1042//1042 1090//1090 1089//1089
f 1089//1089 1090//1090 1137//1137
f 1090//1090 1138//1138 1137//1137
f 1137//1137 1138//1138 1185//1185
f 1138//1138 1186//1186 1185//1185
f 1185//1185 1186//1186 1233//1233
f 1186//1186 1234//1234 1233//1233
f 1250//1250 1233//1233 1234//1234
f 1//1 35//35 34//34
f 34//34 35//35 82//82
f 35//35 83//83 82//82
f 82//82 83//83 130//130
f 83//83 131//131 130//130
f 130//130 131//131 178//178
f 131//131 179//179 178//178
f 178//178 179//179 226//226
f 179//179 227//227 226//226
f 226//226 227//227 274//274
f 227//227 275//275 274//274
f 274//274 275//275 322//322
f 275//275 323//323 322//322
f 322//322 323//323 370//370
f 323//323 371//371 370//370
f 370//370 371//371 418//418
f 371//371 419//419 418//418
f 418//418 419//419 466//466
f 419//419 467//467 466//466
f 466//466 467//467 514//514
f 467//467 515//515 514//514
f 514//514 515//515 562//562
f 515//515 563//563 562//562
f 562//562 563//563 610//610
f 563//563 611//611 610//610
f 610//610 611//611 658//658
f 611//611 659//659 658//658
f 658//658 659//659 706//706
f 659//659 707//707 706//706
f 706//706 707//707 754//754
f 707//707 755//755 754//754
f 754//754 755//755 802//802
f 755//755 803//803 802//802
f 802//802 803//803 850//850
f 803//803 851//851 850//850
f 850//850 851//851 898//898
f 851//851 899//899 898//898
f 898//898 899//899 946//946
f 899//899 947//947 946//946
f 946//946 947//947 994//994
f 947//947 995//995 994//994
f 994//994 995//995 1042//1042
f 995//995 1043//1043 1042//1042
f 1042//1042 1043//1043 1090//1090
f 1043//1043 1091//1091 1090//1090
f 1090//1090 1091//1091 1138//1138
f 1091//1091 1139//1139 1138//1138
f 1138//1138 1139//1139 1186//1186
f 1139//1139 1187//1187 1186//1186
f 1186//1186 1187//1187 1234//1234
f 1187//1187 1235//1235 1234//1234
f 1250//1250 1234//1234 1235//1235
f 1//1 36//36 35//35
f 35//35 36//36 83//83
f 36//36 84//84 83//83
f 83//83 84//84 131//131
f 84//84 132//132 131//131
f 131//131 132//132 179//179
f 132//132 180//180 179//179
f 179//179 180//180 227//227
f 180//180 228//228 227//227
f 227//227 228//228 275//275
f 228//228 276//276 275//275
f 275//275 276//276 323//323
f 276//276 324//324 323//323
f 323//323 324//324 371//371
f 324//324 372//372 371//371
f 371//371 372//372 419//419
f 372//372 420//420 419//419
f 419//419 420//420 467//467
f 420//420 468//468 467//467
f 467//467 468//468 515//515
f 468//468 516//516 515//515
f 515//515 516//516 563//563
f 516//516 564//564 563//563
f 563//563 564//564 611//611
f 564//564 612//612 611//611
f 611//611 612//612 659//659
f 612//612 660//660 659//659
f 659//659 660//660 707//707
f 660//660 708//708 707//707
f 707//707 708//708 755//755
f 708//708 756//756 755//755
f 755//755 756//756 803//803
f 756//756 804//804 803//803
f 803//803 804//804 851//851
f 804//804 852//852 851//851
f 851//851 852//852 899//899
f 852//852 900//900 899//899
f 899//899 900//900 947//947
f 900//900 948//948 947//947
f 947//947 948//948 995//995
f 948//948 996//996 995//995
f 995//995 996//996 1043//1043
f 996//996 1044//1044 1043//1043
f 1043//1043 1044//1044 1091//1091
f 1044//1044 1092//1092 1091//1091
f 1091//1091 1092//1092 1139//1139
f 1092//1092 1140//1140 1139//1139
f 1139//1139 1140//1140 1187//1187
f 1140//1140 1188//1188 1187//1187
f 1187//1187 1188//1188 1235//1235
f 1188//1188 1236//1236 1235//1235
f 1250//1250 1235//1235 1236//1236
f 1//1 37//37 36//36
f 36//36 37//37 84//84
f 37//37 85//85 84//84
f 84//84 85//85 132//132
f 85//85 133//133 132//132
f 132//132 133//133 180//180
f 133//133 181//181 180//180
f 180//180 181//181 228//228
f 181//181 229//229 228//228
f 228//228 229//229 276//276
f 229//229 277//277 276//276
f 276//276 277//277 324//324
f 277//277 325//325 324//324
f 324//324 325//325 372//372
f 325//325 373//373 372//372
f 372//372 373//373 420//420
f 373//373 421//421 420//420
f 420//420 421//421 468//468
f 421//421 469//469 468//468
f 468//468 469//469 516//516
f 469//469 517//517 516//516
f 516//516 517//517 564//564
f 517//517 565//565 564//564
f 564//564 565//565 612//612
f 565//565 613//613 612//612
f 612//612 613//613 660//660
f 613//613 661//661 660//660
f 660//660 661//661 708//708
f 661//661 709//709 708//708
f 708//708 709//709 756//756
f 709//709 757//757 756//756
f 756//756 757//757 804//804
f 757//757 805//805 804//804
f 804//804 805//805 852//852
f 805//805 853//853 852//852
f 852//852 853//853 900//900
f 853//853 901//901 900//900
f 900//900 901//901 948//948
f 901//901 949//949 948//948
f 948//948 949//949 996//996
f 949//949 997//997 996//996
f 996//996 997//997 1044//1044
f 997//997 1045//1045 1044//1044
f 1044//1044 1045//1045 1092//1092
f 1045//1045 1093//1093 1092//1092
f 1092//1092 1093//1093 1140//1140
f 1093//1093 1141//1141 1140//1140
f 1140//1140 1141//1141 1188//1188
f 1141//1141 1189//1189 1188//1188
f 1188//1188 1189//1189 1236//1236
f 1189//1189 1237//1237 1236//1236
f 1250//1250 1236//1236 1237//1237
f 1//1 38//38 37//37
f 37//37 38//38 85//85
f 38//38 86//86 85//85
f 85//85 86//86 133//133
f 86//86 134//134 133//133
f 133//133 134//134 181//181
f 134//134 182//182 181//181
f 181//181 182//182 229//229
f 182//182 230//230 229//229
f 229//229 230//230 277//277
f 230//230 278//278 277//277
f 277//277 278//278 325//325
f 278//278 326//326 325//325
f 325//325 326//326 373//373
f 326//326 374//374 373//373
f 373//373 374//374 421//421
f 374//374 422//422 421//421
f 421//421 422//422 469//469
f 422//422 470//470 469//469
f 469//469 470//470 517//517
f 470//470 518//518 517//517
f 517//517 518//518 565//565
f 518//518 566//566 565//565
f 565//565 566//566 613//613
f 566//566 614//614 613//613
f 613//613 614//614 661//661
f 614//614 662//662 661//661
f 661//661 662//662 709//709
f 662//662 710//710 709//709
f 709//709 710//710 757//757
f 710//710 758//758 757//757
f 757//757 758//758 805//805
f 758//758 806//806 805//805
f 805//805 806//806 853//853
f 806//806 854//854 853//853
f 853//853 854//854 901//901
f 854//854 902//902 901//901
f 901//901 902//902 949//949
f 902//902 950//950 949//949
f 949//949 950//950 997//997
f 950//950 998//998 997//997
f 997//997 998//998 1045//1045
f 998//998 1046//1046 1045//1045
f 1045//1045 1046//1046 1093//1093
f 1046//1046 1094//1094 1093//1093
f 1093//1093 1094//1094 1141//1141
f 1094//1094 1142//1142 1141//1141
f 1141//1141 1142//1142 1189//1189
f 1142//1142 1190//1190 1189//1189
f 1189//1189 1190//1190 1237//1237
f 1190//1190 1238//1238 1237//1237
f 1250//1250 1237//1237 1238//1238
f 1//1 39//39 38//38
f 38//38 39//39 86//86
f 39//39 87//87 86//86
f 86//86 87//87 134//134
f 87//87 135//135 134//134
f 134//134 135//135 182//182
f 135//135 183//183 182//182
f 182//182 183//183 230//230
f 183//183 231//231 230//230
f 230//230 231//231 278//278
f 231//231 279//279 278//278
f 278//278 279//279 326//326
f 279//279 327//327 326//326
f 326//326 327//327 374//374
f 327//327 375//375 374//374
f 374//374 375//375 422//422
f 375//375 423//423 422//422
f 422//422 423//423 470//470
f 423//423 471//471 470//470
f 470//470 471//471 518//518
f 471//471 519//519 518//518
f 518//518 519//519 566//566
f 519//519 567//567 566//566
f 566//566 567//567 614//614
f 567//567 615//615 614//614
f 614//614 615//615 662//662
f 615//615 663//663 662//662
f 662//662 663//663 710//710
f 663//663 711//711 710//710
f 710//710 711//711 758//758
f 711//711 759//759 758//758
f 758//758 759//759 806//806
f 759//759 807//807 806//806
f 806//806 807//807 854//854
f 807//807 855//855 854//854
f 854//854 855//855 902//902
f 855//855 903//903 902//902
f 902//902 903//903 950//950
f 903//903 951//951 950//950
f 950//950 951//951 998//998
f 951//951 999//999 998//998
f 998//998 999//999 1046//1046
f 999//999 1047//1047 1046//1046
f 1046//1046 1047//1047 1094//1094
f 1047//1047 1095//1095 1094//1094
f 1094//1094 1095//1095 1142//1142
f 1095//1095 1143//1143 1142//1142
f 1142//1142 1143//1143 1190//1190
f 1143//1143 1191//1191 1190//1190
f 1190//1190 1191//1191 1238//1238
f 1191//1191 1239//1239 1238//1238
f 1250//1250 1238//1238 1239//1239
f 1//1 40//40 39//39
f 39//39 40//40 87//87
f 40//40 88//88 87//87
f 87//87 88//88 135//135
f 88//88 136//136 135//135
f 135//135 136//136 183//183
f 136//136 184//184 183//183
f 183//183 184//184 231//231
f 184//184 232//232 231//231
f 231//231 232//232 279//279
f 232//232 280//280 279//279
f 279//279 280//280 327//327
f 280//280 328//328 327//327
f 327//327 328//328 375//375
f 328//328 376//376 375//375
f 375//375 376//376 423//423
f 376//376 424//424 423//423
f 423//423 424//424 471//471
f 424//424 472//472 471//471
f 471//471 472//472 519//519
f 472//472 520//520 519//519
f 519//519 520//520 567//567
f 520//520 568//568 567//567
f 567//567 568//568 615//615
f 568//568 616//616 615//615
f 615//615 616//616 663//663
f 616//616 664//664 663//663
f 663//663 664//664 711//711
f 664//664 712//712 711//711
f 711//711 712//712 759//759
f 712//712 760//760 759//759
f 759//759 760//760 807//807
f 760//760 808//808 807//807
f 807//807 808//808 855//855
f 808//808 856//856 855//855
f 855//855 856//856 903//903
f 856//856 904//904 903//903
f 903//903 904//904 951//951
f 904//904 952//952 951//951
f 951//951 952//952 999//999
f 952//952 1000//1000 999//999
f 999//999 1000//1000 1047//1047
f 1000//1000 1048//1048 1047//1047
f 1047//1047 1048//1048 1095//1095
f 1048//1048 1096//1096 1095//1095
f 1095//1095 1096//1096 1143//1143
f 1096//1096 1144//1144 1143//1143
f 1143//1143 1144//1144 1191//1191
f 1144//1144 1192//1192 1191//1191
f 1191//1191 1192//1192 1239//1239
f 1192//1192 1240//1240 1239//1239
f 1250//1250 1239//1239 1240//1240
f 1//1 41//41 40//40
f 40//40 41//41 88//88
f 41//41 89//89 88//88
f 88//88 89//89 136//136
f 89//89 137//137 136//136
f 136//136 137//137 184//184
f 137//137 185//185 184//184
f 184//184 185//185 232//232
f 185//185 233//233 232//232
f 232//232 233//233 280//280
f 233//233 281//281 280//280
f 280//280 281//281 328//328
f 281//281 329//329 328//328
f 328//328 329//329 376//376
f 329//329 377//377 376//376
f 376//376 377//377 424//424
f 377//377 425//425 424//424
f 424//424 425//425 472//472
f 425//425 473//473 472//472
f 472//472 473//473 520//520
f 473//473 521//521 520//520
f 520//520 521//521 568//568
f 521//521 569//569 568//568
f 568//568 569//569 616//616
f 569//569 617//617 616//616
f 616//616 617//617 664//664
f 617//617 665//665 664//664
f 664//664 665//665 712//712
f 665//665 713//713 712//712
f 712//712 713//713 760//760
f 713//713 761//761 760//760
f 760//760 761//761 808//808
f 761//761 809//809 808//808
f 808//808 809//809 856//856
f 809//809 857//857 856//856
f 856//856 857//857 904//904
f 857//857 905//905 904//904
f 904//904 905//905 952//952
f 905//905 953//953 952//952
f 952//952 953//953 1000//1000
f 953//953 1001//1001 1000//1000
f 1000//1000 1001//1001 1048//1048
f 1001//1001 1049//1049 1048//1048
f 1048//1048 1049//1049 1096//1096
f 1049//1049 1097//1097 1096//1096
f 1096//1096 1097//1097 1144//1144
f 1097//1097 1145//1145 1144//1144
f 1144//1144 1145//1145 1192//1192
f 1145//1145 1193//1193 1192//1192
f 1192//1192 1193//1193 1240//1240
f 1193//1193 1241//1241 1240//1240
f 1250//1250 1240//1240 1241//1241
f 1//1 42//42 41//41
f 41//41 42//42 89//89
f 42//42 90//90 89//89
f 89//89 90//90 137//137
f 90//90 138//138 137//137
f 137//137 138//138 185//185
f 138//138 186//186 185//185
f 185//185 186//186 233//233
f 186//186 234//234 233//233
f 233//233 234//234 281//281
f 234//234 282//282 281//281
f 281//281 282//282 329//329
f 282//282 330//330 329//329
f 329//329 330//330 377//377
f 330//330 378//378 377//377
f 377//377 378//378 425//425
f 378//378 426//426 425//425
f 425//425 426//426 473//473
f 426//426 474//474 473//473
f 473//473 474//474 521//521
f 474//474 522//522 521//521
f 521//521 522//522 569//569
f 522//522 570//570 569//569
f 569//569 570//570 617//617
f 570//570 618//618 617//617
f 617//617 618//618 665//665
f 618//618 666//666 665//665
f 665//665 666//666 713//713
f 666//666 714//714 713//713
f 713//713 714//714 761//761
f 714//714 762//762 761//761
f 761//761 762//762 809//809
f 762//762 810//810 809//809
f 809//809 810//810 857//857
f 810//810 858//858 857//857
f 857//857 858//858 905//905
f 858//858 906//906 905//905
f 905//905 906//906 953//953
f 906//906 954//954 953//953
f 953//953 954//954 1001//1001
f 954//954 1002//1002 1001//1001
f 1001//1001 1002//1002 1049//1049
f 1002//1002 1050//1050 1049//1049
f 1049//1049 1050//1050 1097//1097
f 1050//1050 1098//1098 1097//1097
f 1097//1097 1098//1098 1145//1145
f 1098//1098 1146//1146 1145//1145
f 1145//1145 1146//1146 1193//1193
f 1146//1146 1194//1194 1193//1193
f 1193//1193 1194//1194 1241//1241
f 1194//1194 1242//1242 1241//1241
f 1250//1250 1241//1241 1242//1242
f 1//1 43//43 42//42
f 42//42 43//43 90//90
f 43//43 91//91 90//90
f 90//90 91//91 138//138
f 91//91 139//139 138//138
f 138//138 139//139 186//186
f 139//139 187//187 186//186
f 186//186 187//187 234//234
f 187//187 235//235 234//234
f 234//234 235//235 282//282
f 235//235 283//283 282//282
f 282//282 283//283 330//330
f 283//283 331//331 330//330
f 330//330 331//331 378//378
f 331//331 379//379 378//378
f 378//378 379//379 426//426
f 379//379 427//427 426//426
f 426//426 427//427 474//474
f 427//427 475//475 474//474
f 474//474 475//475 522//522
f 475//475 523//523 522//522
f 522//522 523//523 570//570
f 523//523 571//571 570//570
f 570//570 571//571 618//618
f 571//571 619//619 618//618
f 618//618 619//619 666//666
f 619//619 667//667 666//666
f 666//666 667//667 714//714
f 667//667 715//715 714//714
f 714//714 715//715 762//762
f 715//715 763//763 762//762
f 762//762 763//763 810//810
f 763//763 811//811 810//810
f 810//810 811//811 858//858
f 811//811 859//859 858//858
f 858//858 859//859 906//906
f 859//859 907//907 906//906
f 906//906 907//907 954//954
f 907//907 955//955 954//954
f 954//954 955//955 1002//1002
f 955//955 1003//1003 1002//1002
f 1002//1002 1003//1003 1050//1050
f 1003//1003 1051//1051 1050//1050
f 1050//1050 1051//1051 1098//1098
f 1051//1051 1099//1099 1098//1098
f 1098//1098 1099//1099 1146//1146
f 1099//1099 1147//1147 1146//1146
f 1146//1146 1147//1147 1194//1194
f 1147//1147 1195//1195 1194//1194
f 1194//1194 1195//1195 1242//1242
f 1195//1195 1243//1243 1242//1242
f 1250//1250 1242//1242 1243//1243
f 1//1 44//44 43//43
f 43//43 44//44 91//91
f 44//44 92//92 91//91
f 91//91 92//92 139//139
f 92//92 140//140 139//139
f 139//139 140//140 187//187
f 140//140 188//188 187//187
f 187//187 188//188 235//235
f 188//188 236//236 235//235
f 235//235 236//236 283//283
f 236//236 284//284 283//283
f 283//283 284//284 331//331
f 284//284 332//332 331//331
f 331//331 332//332 379//379
f 332//332 380//380 379//379
f 379//379 380//380 427//427
f 380//380 428//428 427//427
f 427//427 428//428 475//475
f 428//428 476//476 475//475
f 475//475 476//476 523//523
f 476//476 524//524 523//523
f 523//523 524//524 571//571
f 524//524 572//572 571//571
f 571//571 572//572 619//619
f 572//572 620//620 619//619
f 619//619 620//620 667//667
f 620//620 668//668 667//667
f 667//667 668//668 715//715
f 668//668 716//716 715//715
f 715//715 716//716 763//763
f 716//716 764//764 763//763
f 763//763 764//764 811//811
f 764//764 812//812 811//811
f 811//811 812//812 859//859
f 812//812 860//860 859//859
f 859//859 860//860 907//907
f 860//860 908//908 907//907
f 907//907 908//908 955//955
f 908//908 956//956 955//955
f 955//955 956//956 1003//1003
f 956//956 1004//1004 1003//1003
f 1003//1003 1004//1004 1051//1051
f 1004//1004 1052//1052 1051//1051
f 1051//1051 1052//1052 1099//1099
f 1052//1052 1100//1100 1099//1099
f 1099//1099 1100//1100 1147//1147
f 1100//1100 1148//1148 1147//1147
f 1147//1147 1148//1148 1195//1195
f 1148//1148 1196//1196 1195//1195
f 1195//1195 1196//1196 1243//1243
f 1196//1196 1244//1244 1243//1243
f 1250//1250 1243//1243 1244//1244
f 1//1 45//45 44//44
f 44//44 45//45 92//92
f 45//45 93//93 92//92
f 92//92 93//93 140//140
f 93//93 141//141 140//140
f 140//140 141//141 188//188
f 141//141 189//189 188//188
f 188//188 189//189 236//236
f 189//189 237//237 236//236
f 236//236 237//237 284//284
f 237//237 285//285 284//284
f 284//284 285//285 332//332
f 285//285 333//333 332//332
f 332//332 333//333 380//380
f 333//333 381//381 380//380
f 380//380 381//381 428//428
f 381//381 429//429 428//428
f 428//428 429//429 476//476
f 429//429 477//477 476//476
f 476//476 477//477 524//524
f 477//477 525//525 524//524
f 524//524 525//525 572//572
f 525//525 573//573 572//572
f 572//572 573//573 620//620
f 573//573 621//621 620//620
f 620//620 621//621 668//668
f 621//621 669//669 668//668
f 668//668 669//669 716//716
f 669//669 717//717 716//716
f 716//716 717//717 764//764
f 717//717 765//765 764//764
f 764//764 765//765 812//812
f 765//765 813//813 812//812
f 812//812 813//813 860//860
f 813//813 861//861 860//860
f 860//860 861//861 908//908
f 861//861 909//909 908//908
f 908//908 909//909 956//956
f 909//909 957//957 956//956
f 956//956 957//957 1004//1004
f 957//957 1005//1005 1004//1004
f 1004//1004 1005//1005 1052//1052
f 1005//1005 1053//1053 1052//1052
f 1052//1052 1053//1053 1100//1100
f 1053//1053 1101//1101 1100//1100
f 1100//1100 1101//1101 1148//1148
f 1101//1101 1149//1149 1148//1148
f 1148//1148 1149//1149 1196//1196
f 1149//1149 1197//1197 1196//1196
f 1196//1196 1197//1197 1244//1244
f 1197//1197 1245//1245 1244//1244
f 1250//1250 1244//1244 1245//1245
f 1//1 46//46 45//45
f 45//45 46//46 93//93
f 46//46 94//94 93//93
f 93//93 94//94 141//141
f 94//94 142//142 141//141
f 141//141 142//142 189//189
f 142//142 190//190 189//189
f 189//189 190//190 237//237
f 190//190 238//238 237//237
f 237//237 238//238 285//285
f 238//238 286//286 285//285
f 285//285 286//286 333//333
f 286//286 334//334 333//333
f 333//333 334//334 381//381
f 334//334 382//382 381//381
f 381//381 382//382 429//429
f 382//382 430//430 429//429
f 429//429 430//430 477//477
f 430//430 478//478 477//477
f 477//477 478//478 525//525
f 478//478 526//526 525//525
f 525//525 526//526 573//573
f 526//526 574//574 573//573
f 573//573 574//574 621//621
f 574//574 622//622 621//621
f 621//621 622//622 669//669
f 622//622 670//670 669//669
f 669//669 670//670 717//717
f 670//670 718//718 717//717
f 717//717 718//718 765//765
f 718//718 766//766 765//765
f 765//765 766//766 813//813
f 766//766 814//814 813//813
f 813//813 814//814 861//861
f 814//814 862//862 861//861
f 861//861 862//862 909//909
f 862//862 910//910 909//909
f 909//909 910//910 957//957
f 910//910 958//958 957//957
f 957//957 958//958 1005//1005
f 958//958 1006//1006 1005//1005
f 1005//1005 1006//1006 1053//1053
f 1006//1006 1054//1054 1053//1053
f 1053//1053 1054//1054 1101//1101
f 1054//1054 1102//1102 1101//1101
f 1101//1101 1102//1102 1149//1149
f 1102//1102 1150//1150 1149//1149
f 1149//1149 1150//1150 1197//1197
f 1150//1150 1198//1198 1197//1197
f 1197//1197 1198//1198 1245//1245
f 1198//1198 1246//1246 1245//1245
f 1250//1250 1245//1245 1246//1246
f 1//1 47//47 46//46
f 46//46 47//47 94//94
f 47//47 95//95 94//94
f 94//94 95//95 142//142
f 95//95 143//143 142//142
f 142//142 143//143 190//190
f 143//143 191//191 190//190
f 190//190 191//191 238//238
f 191//191 239//239 238//238
f 238//238 239//239 286//286
f 239//239 287//287 286//286
f 286//286 287//287 334//334
f 287//287 335//335 334//334
f 334//334 335//335 382//382
f 335//335 383//383 382//382
f 382//382 383//383 430//430
f 383//383 431//431 430//430
f 430//430 431//431 478//478
f 431//431 479//479 478//478
f 478//478 479//479 526//526
f 479//479 527//527 526//526
f 526//526 527//527 574//574
f 527//527 575//575 574//574
f 574//574 575//575 622//622
f 575//575 623//623 622//622
f 622//622 623//623 670//670
f 623//623 671//671 670//670
f 670//670 671//671 718//718
f 671//671 719//719 718//718
f 718//718 719//719 766//766
f 719//719 767//767 766//766
f 766//766 767//767 814//814
f 767//767 815//815 814//814
f 814//814 815//815 862//862
f 815//815 863//863 862//862
f 862//862 863//863 910//910
f 863//863 911//911 910//910
f 910//910 911//911 958//958
f 911//911 959//959 958//958
f 958//958 959//959 1006//1006
f 959//959 1007//1007 1006//1006
f 1006//1006 1007//1007 1054//1054
f 1007//1007 1055//1055 1054//1054
f 1054//1054 1055//1055 1102//1102
f 1055//1055 1103//1103 1102//1102
f 1102//1102 1103//1103 1150//1150
f 1103//1103 1151//1151 1150//1150
f 1150//1150 1151//1151 1198//1198
f 1151//1151 1199//1199 1198//1198
f 1198//1198 1199//1199 1246//1246
f 1199//1199 1247//1247 1246//1246
f 1250//1250 1246//1246 1247//1247
f 1//1 48//48 47//47
f 47//47 48//48 95//95
f 48//48 96//96 95//95
f 95//95 96//96 143//143
f 96//96 144//144 143//143
f 143//143 144//144 191//191
f 144//144 192//192 191//191
f 191//191 192//192 239//239
f 192//192 240//240 239//239
f 239//239 240//240 287//287
f 240//240 288//288 287//287
f 287//287 288//288 335//335
f 288//288 336//336 335//335
f 335//335 336//336 383//383
f 336//336 384//384 383//383
f 383//383 384//384 431//431
f 384//384 432//432 431//431
f 431//431 432//432 479//479
f 432//432 480//480 479//479
f 479//479 480//480 527//527
f 480//480 528//528 527//527
f 527//527 528//528 575//575
f 528//528 576//576 575//575
f 575//575 576//576 623//623
f 576//576 624//624 623//623
f 623//623 624//624 671//671
f 624//624 672//672 671//671
f 671//671 672//672 719//719
f 672//672 720//720 719//719
f 719//719 720//720 767//767
f 720//720 768//768 767//767
f 767//767 768//768 815//815
f 768//768 816//816 815//815
f 815//815 816//816 863//863
f 816//816 864//864 863//863
f 863//863 864//864 911//911
f 864//864 912//912 911//911
f 911//911 912//912 959//959
f 912//912 960//960 959//959
f 959//959 960//960 1007//1007
f 960//960 1008//1008 1007//1007
f 1007//1007 1008//1008 1055//1055
f 1008//1008 1056//1056 1055//1055
f 1055//1055 1056//1056 1103//1103
f 1056//1056 1104//1104 1103//1103
f 1103//1103 1104//1104 1151//1151
f 1104//1104 1152//1152 1151//1151
f 1151//1151 1152//1152 1199//1199
f 1152//1152 1200//1200 1199//1199
f 1199//1199 1200//1200 1247//1247
f 1200//1200 1248//1248 1247//1247
f 1250//1250 1247//1247 1248//1248
f 1//1 49//49 48//48
f 48//48 49//49 96//96
f 49//49 97//97 96//96
f 96//96 97//97 144//144
f 97//97 145//145 144//144
f 144//144 145//145 192//192
f 145//145 193//193 192//192
f 192//192 193//193 240//240
f 193//193 241//241 240//240
f 240//240 241//241 288//288
f 241//241 289//289 288//288
f 288//288 289//289 336//336
f 289//289 337//337 336//336
f 336//336 337//337 384//384
f 337//337 385//385 384//384
f 384//384 385//385 432//432
f 385//385 433//433 432//432
f 432//432 433//433 480//480
f 433//433 481//481 480//480
f 480//480 481//481 528//528
f 481//481 529//529 528//528
f 528//528 529//529 576//576
f 529//529 577//577 576//576
f 576//576 577//577 624//624
f 577//577 625//625 624//624
f 624//624 625//625 672//672
f 625//625 673//673 672//672
f 672//672 673//673 720//720
f 673//673 721//721 720//720
f 720//720 721//721 768//768
f 721//721 769//769 768//768
f 768//768 769//769 816//816
f 769//769 817//817 816//816
f 816//816 817//817 864//864
f 817//817 865//865 864//864
f 864//864 865//865 912//912
f 865//865 913//913 912//912
f 912//912 913//913 960//960
f 913//913 961//961 960//960
f 960//960 961//961 1008//1008
f 961//961 1009//1009 1008//1008
f 1008//1008 1009//1009 1056//1056
f 1009//1009 1057//1057 1056//1056
f 1056//1056 1057//1057 1104//1104
f 1057//1057 1105//1105 1104//1104
f 1104//1104 1105//1105 1152//1152
f 1105//1105 1153//1153 1152//1152
f 1152//1152 1153//1153 1200//1200
f 1153//1153 1201//1201 1200//1200
f 1200//1200 1201//1201 1248//1248
f 1201//1201 1249//1249 1248//1248
f 1250//1250 1248//1248 1249//1249
f 1//1 2//2 49//49
f 49//49 2//2 97//97
f 2//2 50//50 97//97
f 97//97 50//50 145//145
f 50//50 98//98 145//145
f 145//145 98//98 193//193
f 98//98 146//146 193//193
f 193//193 146//146 241//241
f 146//146 194//194 241//241
f 241//241 194//194 289//289
f 194//194 242//242 289//289
f 289//289 242//242 337//337
f 242//242 290//290 337//337
f 337//337 290//290 385//385
f 290//290 338//338 385//385
f 385//385 338//338 433//433
f 338//338 386//386 433//433
f 433//433 386//386 481//481
f 386//386 434//434 481//481
f 481//481 434//434 529//529
f 434//434 482//482 529//529
f 529//529 482//482 577//577
f 482//482 530//530 577//577
f 577//577 530//530 625//625
f 530//530 578//578 625//625
f 625//625 578//578 673//673
f 578//578 626//626 673//673
f 673//673 626//626 721//721
f 626//626 674//674 721//721
f 721//721 674//674 769//769
f 674//674 722//722 769//769
f 769//769 722//722 817//817
f 722//722 770//770 817//817
f 817//817 770//770 865//865
f 770//770 818//818 865//865
f 865//865 818//818 913//913
f 818//818 866//866 913//913
f 913//913 866//866 961//961
f 866//866 914//914 961//961
f 961//961 914//914 1009//1009
f 914//914 962//962 1009//1009
f 1009//1009 962//962 1057//1057
f 962//962 1010//1010 1057//1057
f 1057//1057 1010//1010 1105//1105
f 1010//1010 1058//1058 1105//1105
f 1105//1105 1058//1058 1153//1153
f 1058//1058 1106//1106 1153//1153
f 1153//1153 1106//1106 1201//1201
f 1106//1106 1154//1154 1201//1201
f 1201//1201 1154//1154 1249//1249
f 1154//1154 1202//1202 1249//1249
f 1250//1250 1249//1249 1202//1202
